Chunk,Condition
AVA_053oq2xB3oU_s0_e4000_chunk0,True
AVA_053oq2xB3oU_s4000_e8000_chunk1,True
AVA_053oq2xB3oU_s8000_e12000_chunk2,True
AVA_053oq2xB3oU_s12000_e16000_chunk3,True
AVA_053oq2xB3oU_s16000_e20000_chunk4,True
AVA_053oq2xB3oU_s20000_e24000_chunk5,False
AVA_053oq2xB3oU_s24000_e28000_chunk6,True
AVA_053oq2xB3oU_s28000_e32000_chunk7,True
AVA_053oq2xB3oU_s32000_e36000_chunk8,True
AVA_053oq2xB3oU_s36000_e40000_chunk9,True
AVA_053oq2xB3oU_s40000_e44000_chunk10,True
AVA_053oq2xB3oU_s44000_e48000_chunk11,True
AVA_053oq2xB3oU_s48000_e52000_chunk12,True
AVA_053oq2xB3oU_s52000_e56000_chunk13,True
AVA_053oq2xB3oU_s56000_e60000_chunk14,True
AVA_053oq2xB3oU_s60000_e64000_chunk15,True
AVA_053oq2xB3oU_s64000_e68000_chunk16,False
AVA_053oq2xB3oU_s68000_e72000_chunk17,True
AVA_053oq2xB3oU_s72000_e76000_chunk18,True
AVA_053oq2xB3oU_s76000_e80000_chunk19,True
AVA_053oq2xB3oU_s80000_e84000_chunk20,True
AVA_053oq2xB3oU_s84000_e88000_chunk21,True
AVA_053oq2xB3oU_s88000_e92000_chunk22,True
AVA_053oq2xB3oU_s92000_e96000_chunk23,True
AVA_053oq2xB3oU_s96000_e100000_chunk24,True
AVA_053oq2xB3oU_s100000_e104000_chunk25,True
AVA_053oq2xB3oU_s104000_e108000_chunk26,False
AVA_053oq2xB3oU_s108000_e112000_chunk27,True
AVA_053oq2xB3oU_s112000_e116000_chunk28,False
AVA_053oq2xB3oU_s116000_e120000_chunk29,False
AVA_053oq2xB3oU_s120000_e124000_chunk30,False
AVA_053oq2xB3oU_s124000_e128000_chunk31,False
AVA_053oq2xB3oU_s128000_e132000_chunk32,False
AVA_053oq2xB3oU_s132000_e136000_chunk33,True
AVA_053oq2xB3oU_s136000_e140000_chunk34,True
AVA_053oq2xB3oU_s140000_e144000_chunk35,True
AVA_053oq2xB3oU_s144000_e148000_chunk36,True
AVA_053oq2xB3oU_s148000_e152000_chunk37,True
AVA_053oq2xB3oU_s152000_e156000_chunk38,True
AVA_053oq2xB3oU_s156000_e160000_chunk39,True
AVA_053oq2xB3oU_s160000_e164000_chunk40,True
AVA_053oq2xB3oU_s164000_e168000_chunk41,False
AVA_053oq2xB3oU_s168000_e172000_chunk42,True
AVA_053oq2xB3oU_s172000_e176000_chunk43,True
AVA_053oq2xB3oU_s176000_e180000_chunk44,True
AVA_053oq2xB3oU_s180000_e184000_chunk45,False
AVA_053oq2xB3oU_s184000_e188000_chunk46,False
AVA_053oq2xB3oU_s188000_e192000_chunk47,False
AVA_053oq2xB3oU_s192000_e196000_chunk48,True
AVA_053oq2xB3oU_s196000_e200000_chunk49,True
AVA_053oq2xB3oU_s200000_e204000_chunk50,False
AVA_053oq2xB3oU_s204000_e208000_chunk51,True
AVA_053oq2xB3oU_s208000_e212000_chunk52,True
AVA_053oq2xB3oU_s212000_e216000_chunk53,True
AVA_053oq2xB3oU_s216000_e220000_chunk54,False
AVA_053oq2xB3oU_s220000_e224000_chunk55,False
AVA_053oq2xB3oU_s224000_e228000_chunk56,False
AVA_053oq2xB3oU_s228000_e232000_chunk57,True
AVA_053oq2xB3oU_s232000_e236000_chunk58,True
AVA_053oq2xB3oU_s236000_e240000_chunk59,True
AVA_053oq2xB3oU_s240000_e244000_chunk60,True
AVA_053oq2xB3oU_s244000_e248000_chunk61,True
AVA_053oq2xB3oU_s248000_e252000_chunk62,True
AVA_053oq2xB3oU_s252000_e256000_chunk63,True
AVA_053oq2xB3oU_s256000_e260000_chunk64,True
AVA_053oq2xB3oU_s260000_e264000_chunk65,True
AVA_053oq2xB3oU_s264000_e268000_chunk66,True
AVA_053oq2xB3oU_s268000_e272000_chunk67,True
AVA_053oq2xB3oU_s272000_e276000_chunk68,False
AVA_053oq2xB3oU_s276000_e280000_chunk69,True
AVA_053oq2xB3oU_s280000_e284000_chunk70,True
AVA_053oq2xB3oU_s284000_e288000_chunk71,True
AVA_053oq2xB3oU_s288000_e292000_chunk72,True
AVA_053oq2xB3oU_s292000_e296000_chunk73,True
AVA_053oq2xB3oU_s296000_e300000_chunk74,True
AVA_053oq2xB3oU_s300000_e304000_chunk75,True
AVA_053oq2xB3oU_s304000_e308000_chunk76,True
AVA_053oq2xB3oU_s308000_e312000_chunk77,True
AVA_053oq2xB3oU_s312000_e316000_chunk78,True
AVA_053oq2xB3oU_s316000_e320000_chunk79,True
AVA_053oq2xB3oU_s320000_e324000_chunk80,True
AVA_053oq2xB3oU_s324000_e328000_chunk81,True
AVA_053oq2xB3oU_s328000_e332000_chunk82,True
AVA_053oq2xB3oU_s332000_e336000_chunk83,True
AVA_053oq2xB3oU_s336000_e340000_chunk84,True
AVA_053oq2xB3oU_s340000_e344000_chunk85,True
AVA_053oq2xB3oU_s344000_e348000_chunk86,True
AVA_053oq2xB3oU_s348000_e352000_chunk87,True
AVA_053oq2xB3oU_s352000_e356000_chunk88,False
AVA_053oq2xB3oU_s356000_e360000_chunk89,True
AVA_053oq2xB3oU_s360000_e364000_chunk90,True
AVA_053oq2xB3oU_s364000_e368000_chunk91,True
AVA_053oq2xB3oU_s368000_e372000_chunk92,True
AVA_053oq2xB3oU_s372000_e376000_chunk93,True
AVA_053oq2xB3oU_s376000_e380000_chunk94,True
AVA_053oq2xB3oU_s380000_e384000_chunk95,True
AVA_053oq2xB3oU_s384000_e388000_chunk96,True
AVA_053oq2xB3oU_s388000_e392000_chunk97,True
AVA_053oq2xB3oU_s392000_e396000_chunk98,True
AVA_053oq2xB3oU_s396000_e400000_chunk99,True
AVA_053oq2xB3oU_s400000_e404000_chunk100,True
AVA_053oq2xB3oU_s404000_e408000_chunk101,True
AVA_053oq2xB3oU_s408000_e412000_chunk102,True
AVA_053oq2xB3oU_s412000_e416000_chunk103,True
AVA_053oq2xB3oU_s416000_e420000_chunk104,True
AVA_053oq2xB3oU_s420000_e424000_chunk105,True
AVA_053oq2xB3oU_s424000_e428000_chunk106,True
AVA_053oq2xB3oU_s428000_e432000_chunk107,True
AVA_053oq2xB3oU_s432000_e436000_chunk108,True
AVA_053oq2xB3oU_s436000_e440000_chunk109,True
AVA_053oq2xB3oU_s440000_e444000_chunk110,True
AVA_053oq2xB3oU_s444000_e448000_chunk111,True
AVA_053oq2xB3oU_s448000_e452000_chunk112,True
AVA_053oq2xB3oU_s452000_e456000_chunk113,True
AVA_053oq2xB3oU_s456000_e460000_chunk114,True
AVA_053oq2xB3oU_s460000_e464000_chunk115,True
AVA_053oq2xB3oU_s464000_e468000_chunk116,True
AVA_053oq2xB3oU_s468000_e472000_chunk117,True
AVA_053oq2xB3oU_s472000_e476000_chunk118,True
AVA_053oq2xB3oU_s476000_e480000_chunk119,True
AVA_053oq2xB3oU_s480000_e484000_chunk120,True
AVA_053oq2xB3oU_s484000_e488000_chunk121,True
AVA_053oq2xB3oU_s488000_e492000_chunk122,True
AVA_053oq2xB3oU_s492000_e496000_chunk123,True
AVA_053oq2xB3oU_s496000_e500000_chunk124,True
AVA_053oq2xB3oU_s500000_e504000_chunk125,True
AVA_053oq2xB3oU_s504000_e508000_chunk126,False
AVA_053oq2xB3oU_s508000_e512000_chunk127,True
AVA_053oq2xB3oU_s512000_e516000_chunk128,True
AVA_053oq2xB3oU_s516000_e520000_chunk129,True
AVA_053oq2xB3oU_s520000_e524000_chunk130,True
AVA_053oq2xB3oU_s524000_e528000_chunk131,False
AVA_053oq2xB3oU_s528000_e532000_chunk132,False
AVA_053oq2xB3oU_s532000_e536000_chunk133,False
AVA_053oq2xB3oU_s536000_e540000_chunk134,False
AVA_053oq2xB3oU_s540000_e544000_chunk135,False
AVA_053oq2xB3oU_s544000_e548000_chunk136,False
AVA_053oq2xB3oU_s548000_e552000_chunk137,True
AVA_053oq2xB3oU_s552000_e556000_chunk138,True
AVA_053oq2xB3oU_s556000_e560000_chunk139,True
AVA_053oq2xB3oU_s560000_e564000_chunk140,True
AVA_053oq2xB3oU_s564000_e568000_chunk141,False
AVA_053oq2xB3oU_s568000_e572000_chunk142,True
AVA_053oq2xB3oU_s572000_e576000_chunk143,True
AVA_053oq2xB3oU_s576000_e580000_chunk144,True
AVA_053oq2xB3oU_s580000_e584000_chunk145,True
AVA_053oq2xB3oU_s584000_e588000_chunk146,True
AVA_053oq2xB3oU_s588000_e592000_chunk147,True
AVA_053oq2xB3oU_s592000_e596000_chunk148,True
AVA_053oq2xB3oU_s596000_e600000_chunk149,True
AVA_053oq2xB3oU_s600000_e604000_chunk150,True
AVA_053oq2xB3oU_s604000_e608000_chunk151,True
AVA_053oq2xB3oU_s608000_e612000_chunk152,True
AVA_053oq2xB3oU_s612000_e616000_chunk153,True
AVA_053oq2xB3oU_s616000_e620000_chunk154,True
AVA_053oq2xB3oU_s620000_e624000_chunk155,True
AVA_053oq2xB3oU_s624000_e628000_chunk156,True
AVA_053oq2xB3oU_s628000_e632000_chunk157,True
AVA_053oq2xB3oU_s632000_e636000_chunk158,True
AVA_053oq2xB3oU_s636000_e640000_chunk159,True
AVA_053oq2xB3oU_s640000_e644000_chunk160,True
AVA_053oq2xB3oU_s644000_e648000_chunk161,True
AVA_053oq2xB3oU_s648000_e652000_chunk162,True
AVA_053oq2xB3oU_s652000_e656000_chunk163,True
AVA_053oq2xB3oU_s656000_e660000_chunk164,True
AVA_053oq2xB3oU_s660000_e664000_chunk165,True
AVA_053oq2xB3oU_s664000_e668000_chunk166,True
AVA_053oq2xB3oU_s668000_e672000_chunk167,True
AVA_053oq2xB3oU_s672000_e676000_chunk168,True
AVA_053oq2xB3oU_s676000_e680000_chunk169,True
AVA_053oq2xB3oU_s680000_e684000_chunk170,True
AVA_053oq2xB3oU_s684000_e688000_chunk171,True
AVA_053oq2xB3oU_s688000_e692000_chunk172,True
AVA_053oq2xB3oU_s692000_e696000_chunk173,False
AVA_053oq2xB3oU_s696000_e700000_chunk174,True
AVA_053oq2xB3oU_s700000_e704000_chunk175,False
AVA_053oq2xB3oU_s704000_e708000_chunk176,True
AVA_053oq2xB3oU_s708000_e712000_chunk177,True
AVA_053oq2xB3oU_s712000_e716000_chunk178,True
AVA_053oq2xB3oU_s716000_e720000_chunk179,True
AVA_053oq2xB3oU_s720000_e724000_chunk180,True
AVA_053oq2xB3oU_s724000_e728000_chunk181,True
AVA_053oq2xB3oU_s728000_e732000_chunk182,True
AVA_053oq2xB3oU_s732000_e736000_chunk183,True
AVA_053oq2xB3oU_s736000_e740000_chunk184,True
AVA_053oq2xB3oU_s740000_e744000_chunk185,True
AVA_053oq2xB3oU_s744000_e748000_chunk186,True
AVA_053oq2xB3oU_s748000_e752000_chunk187,False
AVA_053oq2xB3oU_s752000_e756000_chunk188,False
AVA_053oq2xB3oU_s756000_e760000_chunk189,True
AVA_053oq2xB3oU_s760000_e764000_chunk190,True
AVA_053oq2xB3oU_s764000_e768000_chunk191,False
AVA_053oq2xB3oU_s768000_e772000_chunk192,True
AVA_053oq2xB3oU_s772000_e776000_chunk193,True
AVA_053oq2xB3oU_s776000_e780000_chunk194,True
AVA_053oq2xB3oU_s780000_e784000_chunk195,True
AVA_053oq2xB3oU_s784000_e788000_chunk196,True
AVA_053oq2xB3oU_s788000_e792000_chunk197,True
AVA_053oq2xB3oU_s792000_e796000_chunk198,True
AVA_053oq2xB3oU_s796000_e800000_chunk199,True
AVA_053oq2xB3oU_s800000_e804000_chunk200,True
AVA_053oq2xB3oU_s804000_e808000_chunk201,True
AVA_053oq2xB3oU_s808000_e812000_chunk202,True
AVA_053oq2xB3oU_s812000_e816000_chunk203,True
AVA_053oq2xB3oU_s816000_e820000_chunk204,True
AVA_053oq2xB3oU_s820000_e824000_chunk205,True
AVA_053oq2xB3oU_s824000_e828000_chunk206,True
AVA_053oq2xB3oU_s828000_e832000_chunk207,True
AVA_053oq2xB3oU_s832000_e836000_chunk208,True
AVA_053oq2xB3oU_s836000_e840000_chunk209,True
AVA_053oq2xB3oU_s840000_e844000_chunk210,True
AVA_053oq2xB3oU_s844000_e848000_chunk211,False
AVA_053oq2xB3oU_s848000_e852000_chunk212,True
AVA_053oq2xB3oU_s852000_e856000_chunk213,True
AVA_053oq2xB3oU_s856000_e860000_chunk214,True
AVA_053oq2xB3oU_s860000_e864000_chunk215,True
AVA_053oq2xB3oU_s864000_e868000_chunk216,True
AVA_053oq2xB3oU_s868000_e872000_chunk217,True
AVA_053oq2xB3oU_s872000_e876000_chunk218,True
AVA_053oq2xB3oU_s876000_e880000_chunk219,True
AVA_053oq2xB3oU_s880000_e884000_chunk220,True
AVA_053oq2xB3oU_s884000_e888000_chunk221,True
AVA_053oq2xB3oU_s888000_e892000_chunk222,True
AVA_053oq2xB3oU_s892000_e896000_chunk223,True
AVA_053oq2xB3oU_s896000_e900000_chunk224,True
AVA_0f39OWEqJ24_s0_e4000_chunk0,True
AVA_0f39OWEqJ24_s4000_e8000_chunk1,False
AVA_0f39OWEqJ24_s8000_e12000_chunk2,False
AVA_0f39OWEqJ24_s12000_e16000_chunk3,False
AVA_0f39OWEqJ24_s16000_e20000_chunk4,False
AVA_0f39OWEqJ24_s20000_e24000_chunk5,False
AVA_0f39OWEqJ24_s24000_e28000_chunk6,True
AVA_0f39OWEqJ24_s28000_e32000_chunk7,True
AVA_0f39OWEqJ24_s32000_e36000_chunk8,True
AVA_0f39OWEqJ24_s36000_e40000_chunk9,True
AVA_0f39OWEqJ24_s40000_e44000_chunk10,True
AVA_0f39OWEqJ24_s44000_e48000_chunk11,True
AVA_0f39OWEqJ24_s48000_e52000_chunk12,False
AVA_0f39OWEqJ24_s52000_e56000_chunk13,True
AVA_0f39OWEqJ24_s56000_e60000_chunk14,True
AVA_0f39OWEqJ24_s60000_e64000_chunk15,True
AVA_0f39OWEqJ24_s64000_e68000_chunk16,True
AVA_0f39OWEqJ24_s68000_e72000_chunk17,True
AVA_0f39OWEqJ24_s72000_e76000_chunk18,True
AVA_0f39OWEqJ24_s76000_e80000_chunk19,False
AVA_0f39OWEqJ24_s80000_e84000_chunk20,False
AVA_0f39OWEqJ24_s84000_e88000_chunk21,True
AVA_0f39OWEqJ24_s88000_e92000_chunk22,True
AVA_0f39OWEqJ24_s92000_e96000_chunk23,True
AVA_0f39OWEqJ24_s96000_e100000_chunk24,False
AVA_0f39OWEqJ24_s100000_e104000_chunk25,True
AVA_0f39OWEqJ24_s104000_e108000_chunk26,False
AVA_0f39OWEqJ24_s108000_e112000_chunk27,True
AVA_0f39OWEqJ24_s112000_e116000_chunk28,False
AVA_0f39OWEqJ24_s116000_e120000_chunk29,False
AVA_0f39OWEqJ24_s120000_e124000_chunk30,False
AVA_0f39OWEqJ24_s124000_e128000_chunk31,False
AVA_0f39OWEqJ24_s128000_e132000_chunk32,True
AVA_0f39OWEqJ24_s132000_e136000_chunk33,True
AVA_0f39OWEqJ24_s136000_e140000_chunk34,False
AVA_0f39OWEqJ24_s140000_e144000_chunk35,False
AVA_0f39OWEqJ24_s144000_e148000_chunk36,False
AVA_0f39OWEqJ24_s148000_e152000_chunk37,False
AVA_0f39OWEqJ24_s152000_e156000_chunk38,False
AVA_0f39OWEqJ24_s156000_e160000_chunk39,False
AVA_0f39OWEqJ24_s160000_e164000_chunk40,False
AVA_0f39OWEqJ24_s164000_e168000_chunk41,False
AVA_0f39OWEqJ24_s168000_e172000_chunk42,False
AVA_0f39OWEqJ24_s172000_e176000_chunk43,False
AVA_0f39OWEqJ24_s176000_e180000_chunk44,True
AVA_0f39OWEqJ24_s180000_e184000_chunk45,False
AVA_0f39OWEqJ24_s184000_e188000_chunk46,False
AVA_0f39OWEqJ24_s188000_e192000_chunk47,False
AVA_0f39OWEqJ24_s192000_e196000_chunk48,False
AVA_0f39OWEqJ24_s196000_e200000_chunk49,False
AVA_0f39OWEqJ24_s200000_e204000_chunk50,False
AVA_0f39OWEqJ24_s204000_e208000_chunk51,False
AVA_0f39OWEqJ24_s208000_e212000_chunk52,False
AVA_0f39OWEqJ24_s212000_e216000_chunk53,True
AVA_0f39OWEqJ24_s216000_e220000_chunk54,False
AVA_0f39OWEqJ24_s220000_e224000_chunk55,False
AVA_0f39OWEqJ24_s224000_e228000_chunk56,False
AVA_0f39OWEqJ24_s228000_e232000_chunk57,False
AVA_0f39OWEqJ24_s232000_e236000_chunk58,False
AVA_0f39OWEqJ24_s236000_e240000_chunk59,True
AVA_0f39OWEqJ24_s240000_e244000_chunk60,True
AVA_0f39OWEqJ24_s244000_e248000_chunk61,True
AVA_0f39OWEqJ24_s248000_e252000_chunk62,True
AVA_0f39OWEqJ24_s252000_e256000_chunk63,False
AVA_0f39OWEqJ24_s256000_e260000_chunk64,True
AVA_0f39OWEqJ24_s260000_e264000_chunk65,True
AVA_0f39OWEqJ24_s264000_e268000_chunk66,False
AVA_0f39OWEqJ24_s268000_e272000_chunk67,False
AVA_0f39OWEqJ24_s272000_e276000_chunk68,False
AVA_0f39OWEqJ24_s276000_e280000_chunk69,False
AVA_0f39OWEqJ24_s280000_e284000_chunk70,False
AVA_0f39OWEqJ24_s284000_e288000_chunk71,False
AVA_0f39OWEqJ24_s288000_e292000_chunk72,False
AVA_0f39OWEqJ24_s292000_e296000_chunk73,True
AVA_0f39OWEqJ24_s296000_e300000_chunk74,True
AVA_0f39OWEqJ24_s300000_e304000_chunk75,True
AVA_0f39OWEqJ24_s304000_e308000_chunk76,True
AVA_0f39OWEqJ24_s308000_e312000_chunk77,True
AVA_0f39OWEqJ24_s312000_e316000_chunk78,True
AVA_0f39OWEqJ24_s316000_e320000_chunk79,True
AVA_0f39OWEqJ24_s320000_e324000_chunk80,True
AVA_0f39OWEqJ24_s324000_e328000_chunk81,True
AVA_0f39OWEqJ24_s328000_e332000_chunk82,True
AVA_0f39OWEqJ24_s332000_e336000_chunk83,False
AVA_0f39OWEqJ24_s336000_e340000_chunk84,False
AVA_0f39OWEqJ24_s340000_e344000_chunk85,False
AVA_0f39OWEqJ24_s344000_e348000_chunk86,False
AVA_0f39OWEqJ24_s348000_e352000_chunk87,False
AVA_0f39OWEqJ24_s352000_e356000_chunk88,False
AVA_0f39OWEqJ24_s356000_e360000_chunk89,False
AVA_0f39OWEqJ24_s360000_e364000_chunk90,False
AVA_0f39OWEqJ24_s364000_e368000_chunk91,False
AVA_0f39OWEqJ24_s368000_e372000_chunk92,True
AVA_0f39OWEqJ24_s372000_e376000_chunk93,False
AVA_0f39OWEqJ24_s376000_e380000_chunk94,False
AVA_0f39OWEqJ24_s380000_e384000_chunk95,True
AVA_0f39OWEqJ24_s384000_e388000_chunk96,True
AVA_0f39OWEqJ24_s388000_e392000_chunk97,True
AVA_0f39OWEqJ24_s392000_e396000_chunk98,True
AVA_0f39OWEqJ24_s396000_e400000_chunk99,True
AVA_0f39OWEqJ24_s400000_e404000_chunk100,False
AVA_0f39OWEqJ24_s404000_e408000_chunk101,True
AVA_0f39OWEqJ24_s408000_e412000_chunk102,False
AVA_0f39OWEqJ24_s412000_e416000_chunk103,False
AVA_0f39OWEqJ24_s416000_e420000_chunk104,False
AVA_0f39OWEqJ24_s420000_e424000_chunk105,False
AVA_0f39OWEqJ24_s424000_e428000_chunk106,False
AVA_0f39OWEqJ24_s428000_e432000_chunk107,False
AVA_0f39OWEqJ24_s432000_e436000_chunk108,True
AVA_0f39OWEqJ24_s436000_e440000_chunk109,True
AVA_0f39OWEqJ24_s440000_e444000_chunk110,True
AVA_0f39OWEqJ24_s444000_e448000_chunk111,True
AVA_0f39OWEqJ24_s448000_e452000_chunk112,False
AVA_0f39OWEqJ24_s452000_e456000_chunk113,True
AVA_0f39OWEqJ24_s456000_e460000_chunk114,False
AVA_0f39OWEqJ24_s460000_e464000_chunk115,False
AVA_0f39OWEqJ24_s464000_e468000_chunk116,False
AVA_0f39OWEqJ24_s468000_e472000_chunk117,False
AVA_0f39OWEqJ24_s472000_e476000_chunk118,False
AVA_0f39OWEqJ24_s476000_e480000_chunk119,True
AVA_0f39OWEqJ24_s480000_e484000_chunk120,False
AVA_0f39OWEqJ24_s484000_e488000_chunk121,False
AVA_0f39OWEqJ24_s488000_e492000_chunk122,False
AVA_0f39OWEqJ24_s492000_e496000_chunk123,False
AVA_0f39OWEqJ24_s496000_e500000_chunk124,True
AVA_0f39OWEqJ24_s500000_e504000_chunk125,False
AVA_0f39OWEqJ24_s504000_e508000_chunk126,False
AVA_0f39OWEqJ24_s508000_e512000_chunk127,False
AVA_0f39OWEqJ24_s512000_e516000_chunk128,False
AVA_0f39OWEqJ24_s516000_e520000_chunk129,True
AVA_0f39OWEqJ24_s520000_e524000_chunk130,True
AVA_0f39OWEqJ24_s524000_e528000_chunk131,True
AVA_0f39OWEqJ24_s528000_e532000_chunk132,True
AVA_0f39OWEqJ24_s532000_e536000_chunk133,True
AVA_0f39OWEqJ24_s536000_e540000_chunk134,True
AVA_0f39OWEqJ24_s540000_e544000_chunk135,True
AVA_0f39OWEqJ24_s544000_e548000_chunk136,True
AVA_0f39OWEqJ24_s548000_e552000_chunk137,False
AVA_0f39OWEqJ24_s552000_e556000_chunk138,False
AVA_0f39OWEqJ24_s556000_e560000_chunk139,False
AVA_0f39OWEqJ24_s560000_e564000_chunk140,True
AVA_0f39OWEqJ24_s564000_e568000_chunk141,True
AVA_0f39OWEqJ24_s568000_e572000_chunk142,True
AVA_0f39OWEqJ24_s572000_e576000_chunk143,True
AVA_0f39OWEqJ24_s576000_e580000_chunk144,True
AVA_0f39OWEqJ24_s580000_e584000_chunk145,True
AVA_0f39OWEqJ24_s584000_e588000_chunk146,True
AVA_0f39OWEqJ24_s588000_e592000_chunk147,True
AVA_0f39OWEqJ24_s592000_e596000_chunk148,True
AVA_0f39OWEqJ24_s596000_e600000_chunk149,True
AVA_0f39OWEqJ24_s600000_e604000_chunk150,True
AVA_0f39OWEqJ24_s604000_e608000_chunk151,True
AVA_0f39OWEqJ24_s608000_e612000_chunk152,True
AVA_0f39OWEqJ24_s612000_e616000_chunk153,False
AVA_0f39OWEqJ24_s616000_e620000_chunk154,False
AVA_0f39OWEqJ24_s620000_e624000_chunk155,False
AVA_0f39OWEqJ24_s624000_e628000_chunk156,False
AVA_0f39OWEqJ24_s628000_e632000_chunk157,False
AVA_0f39OWEqJ24_s632000_e636000_chunk158,False
AVA_0f39OWEqJ24_s636000_e640000_chunk159,False
AVA_0f39OWEqJ24_s640000_e644000_chunk160,False
AVA_0f39OWEqJ24_s644000_e648000_chunk161,False
AVA_0f39OWEqJ24_s648000_e652000_chunk162,False
AVA_0f39OWEqJ24_s652000_e656000_chunk163,False
AVA_0f39OWEqJ24_s656000_e660000_chunk164,False
AVA_0f39OWEqJ24_s660000_e664000_chunk165,True
AVA_0f39OWEqJ24_s664000_e668000_chunk166,False
AVA_0f39OWEqJ24_s668000_e672000_chunk167,False
AVA_0f39OWEqJ24_s672000_e676000_chunk168,True
AVA_0f39OWEqJ24_s676000_e680000_chunk169,True
AVA_0f39OWEqJ24_s680000_e684000_chunk170,False
AVA_0f39OWEqJ24_s684000_e688000_chunk171,False
AVA_0f39OWEqJ24_s688000_e692000_chunk172,False
AVA_0f39OWEqJ24_s692000_e696000_chunk173,False
AVA_0f39OWEqJ24_s696000_e700000_chunk174,False
AVA_0f39OWEqJ24_s700000_e704000_chunk175,False
AVA_0f39OWEqJ24_s704000_e708000_chunk176,False
AVA_0f39OWEqJ24_s708000_e712000_chunk177,False
AVA_0f39OWEqJ24_s712000_e716000_chunk178,False
AVA_0f39OWEqJ24_s716000_e720000_chunk179,False
AVA_0f39OWEqJ24_s720000_e724000_chunk180,False
AVA_0f39OWEqJ24_s724000_e728000_chunk181,False
AVA_0f39OWEqJ24_s728000_e732000_chunk182,True
AVA_0f39OWEqJ24_s732000_e736000_chunk183,True
AVA_0f39OWEqJ24_s736000_e740000_chunk184,True
AVA_0f39OWEqJ24_s740000_e744000_chunk185,True
AVA_0f39OWEqJ24_s744000_e748000_chunk186,True
AVA_0f39OWEqJ24_s748000_e752000_chunk187,True
AVA_0f39OWEqJ24_s752000_e756000_chunk188,True
AVA_0f39OWEqJ24_s756000_e760000_chunk189,True
AVA_0f39OWEqJ24_s760000_e764000_chunk190,True
AVA_0f39OWEqJ24_s764000_e768000_chunk191,False
AVA_0f39OWEqJ24_s768000_e772000_chunk192,False
AVA_0f39OWEqJ24_s772000_e776000_chunk193,False
AVA_0f39OWEqJ24_s776000_e780000_chunk194,False
AVA_0f39OWEqJ24_s780000_e784000_chunk195,True
AVA_0f39OWEqJ24_s784000_e788000_chunk196,True
AVA_0f39OWEqJ24_s788000_e792000_chunk197,True
AVA_0f39OWEqJ24_s792000_e796000_chunk198,True
AVA_0f39OWEqJ24_s796000_e800000_chunk199,True
AVA_0f39OWEqJ24_s800000_e804000_chunk200,True
AVA_0f39OWEqJ24_s804000_e808000_chunk201,True
AVA_0f39OWEqJ24_s808000_e812000_chunk202,True
AVA_0f39OWEqJ24_s812000_e816000_chunk203,True
AVA_0f39OWEqJ24_s816000_e820000_chunk204,True
AVA_0f39OWEqJ24_s820000_e824000_chunk205,True
AVA_0f39OWEqJ24_s824000_e828000_chunk206,True
AVA_0f39OWEqJ24_s828000_e832000_chunk207,True
AVA_0f39OWEqJ24_s832000_e836000_chunk208,True
AVA_0f39OWEqJ24_s836000_e840000_chunk209,True
AVA_0f39OWEqJ24_s840000_e844000_chunk210,True
AVA_0f39OWEqJ24_s844000_e848000_chunk211,True
AVA_0f39OWEqJ24_s848000_e852000_chunk212,True
AVA_0f39OWEqJ24_s852000_e856000_chunk213,True
AVA_0f39OWEqJ24_s856000_e860000_chunk214,True
AVA_0f39OWEqJ24_s860000_e864000_chunk215,True
AVA_0f39OWEqJ24_s864000_e868000_chunk216,True
AVA_0f39OWEqJ24_s868000_e872000_chunk217,True
AVA_0f39OWEqJ24_s872000_e876000_chunk218,True
AVA_0f39OWEqJ24_s876000_e880000_chunk219,True
AVA_0f39OWEqJ24_s880000_e884000_chunk220,False
AVA_0f39OWEqJ24_s884000_e888000_chunk221,False
AVA_0f39OWEqJ24_s888000_e892000_chunk222,True
AVA_0f39OWEqJ24_s892000_e896000_chunk223,False
AVA_0f39OWEqJ24_s896000_e900000_chunk224,False
AVA_20TAGRElvfE_s0_e4000_chunk0,False
AVA_20TAGRElvfE_s4000_e8000_chunk1,False
AVA_20TAGRElvfE_s8000_e12000_chunk2,False
AVA_20TAGRElvfE_s12000_e16000_chunk3,False
AVA_20TAGRElvfE_s16000_e20000_chunk4,True
AVA_20TAGRElvfE_s20000_e24000_chunk5,True
AVA_20TAGRElvfE_s24000_e28000_chunk6,True
AVA_20TAGRElvfE_s28000_e32000_chunk7,True
AVA_20TAGRElvfE_s32000_e36000_chunk8,True
AVA_20TAGRElvfE_s36000_e40000_chunk9,True
AVA_20TAGRElvfE_s40000_e44000_chunk10,False
AVA_20TAGRElvfE_s44000_e48000_chunk11,False
AVA_20TAGRElvfE_s48000_e52000_chunk12,True
AVA_20TAGRElvfE_s52000_e56000_chunk13,True
AVA_20TAGRElvfE_s56000_e60000_chunk14,True
AVA_20TAGRElvfE_s60000_e64000_chunk15,False
AVA_20TAGRElvfE_s64000_e68000_chunk16,False
AVA_20TAGRElvfE_s68000_e72000_chunk17,False
AVA_20TAGRElvfE_s72000_e76000_chunk18,True
AVA_20TAGRElvfE_s76000_e80000_chunk19,True
AVA_20TAGRElvfE_s80000_e84000_chunk20,True
AVA_20TAGRElvfE_s84000_e88000_chunk21,True
AVA_20TAGRElvfE_s88000_e92000_chunk22,True
AVA_20TAGRElvfE_s92000_e96000_chunk23,True
AVA_20TAGRElvfE_s96000_e100000_chunk24,True
AVA_20TAGRElvfE_s100000_e104000_chunk25,True
AVA_20TAGRElvfE_s104000_e108000_chunk26,True
AVA_20TAGRElvfE_s108000_e112000_chunk27,True
AVA_20TAGRElvfE_s112000_e116000_chunk28,True
AVA_20TAGRElvfE_s116000_e120000_chunk29,True
AVA_20TAGRElvfE_s120000_e124000_chunk30,True
AVA_20TAGRElvfE_s124000_e128000_chunk31,True
AVA_20TAGRElvfE_s128000_e132000_chunk32,True
AVA_20TAGRElvfE_s132000_e136000_chunk33,True
AVA_20TAGRElvfE_s136000_e140000_chunk34,True
AVA_20TAGRElvfE_s140000_e144000_chunk35,True
AVA_20TAGRElvfE_s144000_e148000_chunk36,True
AVA_20TAGRElvfE_s148000_e152000_chunk37,True
AVA_20TAGRElvfE_s152000_e156000_chunk38,True
AVA_20TAGRElvfE_s156000_e160000_chunk39,True
AVA_20TAGRElvfE_s160000_e164000_chunk40,True
AVA_20TAGRElvfE_s164000_e168000_chunk41,True
AVA_20TAGRElvfE_s168000_e172000_chunk42,True
AVA_20TAGRElvfE_s172000_e176000_chunk43,True
AVA_20TAGRElvfE_s176000_e180000_chunk44,True
AVA_20TAGRElvfE_s180000_e184000_chunk45,True
AVA_20TAGRElvfE_s184000_e188000_chunk46,False
AVA_20TAGRElvfE_s188000_e192000_chunk47,False
AVA_20TAGRElvfE_s192000_e196000_chunk48,False
AVA_20TAGRElvfE_s196000_e200000_chunk49,True
AVA_20TAGRElvfE_s200000_e204000_chunk50,True
AVA_20TAGRElvfE_s204000_e208000_chunk51,True
AVA_20TAGRElvfE_s208000_e212000_chunk52,True
AVA_20TAGRElvfE_s212000_e216000_chunk53,True
AVA_20TAGRElvfE_s216000_e220000_chunk54,True
AVA_20TAGRElvfE_s220000_e224000_chunk55,True
AVA_20TAGRElvfE_s224000_e228000_chunk56,True
AVA_20TAGRElvfE_s228000_e232000_chunk57,True
AVA_20TAGRElvfE_s232000_e236000_chunk58,True
AVA_20TAGRElvfE_s236000_e240000_chunk59,True
AVA_20TAGRElvfE_s240000_e244000_chunk60,True
AVA_20TAGRElvfE_s244000_e248000_chunk61,True
AVA_20TAGRElvfE_s248000_e252000_chunk62,True
AVA_20TAGRElvfE_s252000_e256000_chunk63,True
AVA_20TAGRElvfE_s256000_e260000_chunk64,True
AVA_20TAGRElvfE_s260000_e264000_chunk65,False
AVA_20TAGRElvfE_s264000_e268000_chunk66,True
AVA_20TAGRElvfE_s268000_e272000_chunk67,True
AVA_20TAGRElvfE_s272000_e276000_chunk68,True
AVA_20TAGRElvfE_s276000_e280000_chunk69,True
AVA_20TAGRElvfE_s280000_e284000_chunk70,True
AVA_20TAGRElvfE_s284000_e288000_chunk71,True
AVA_20TAGRElvfE_s288000_e292000_chunk72,True
AVA_20TAGRElvfE_s292000_e296000_chunk73,True
AVA_20TAGRElvfE_s296000_e300000_chunk74,True
AVA_20TAGRElvfE_s300000_e304000_chunk75,True
AVA_20TAGRElvfE_s304000_e308000_chunk76,True
AVA_20TAGRElvfE_s308000_e312000_chunk77,False
AVA_20TAGRElvfE_s312000_e316000_chunk78,False
AVA_20TAGRElvfE_s316000_e320000_chunk79,True
AVA_20TAGRElvfE_s320000_e324000_chunk80,False
AVA_20TAGRElvfE_s324000_e328000_chunk81,True
AVA_20TAGRElvfE_s328000_e332000_chunk82,False
AVA_20TAGRElvfE_s332000_e336000_chunk83,False
AVA_20TAGRElvfE_s336000_e340000_chunk84,False
AVA_20TAGRElvfE_s340000_e344000_chunk85,True
AVA_20TAGRElvfE_s344000_e348000_chunk86,True
AVA_20TAGRElvfE_s348000_e352000_chunk87,True
AVA_20TAGRElvfE_s352000_e356000_chunk88,False
AVA_20TAGRElvfE_s356000_e360000_chunk89,True
AVA_20TAGRElvfE_s360000_e364000_chunk90,True
AVA_20TAGRElvfE_s364000_e368000_chunk91,True
AVA_20TAGRElvfE_s368000_e372000_chunk92,True
AVA_20TAGRElvfE_s372000_e376000_chunk93,True
AVA_20TAGRElvfE_s376000_e380000_chunk94,True
AVA_20TAGRElvfE_s380000_e384000_chunk95,True
AVA_20TAGRElvfE_s384000_e388000_chunk96,True
AVA_20TAGRElvfE_s388000_e392000_chunk97,True
AVA_20TAGRElvfE_s392000_e396000_chunk98,True
AVA_20TAGRElvfE_s396000_e400000_chunk99,True
AVA_20TAGRElvfE_s400000_e404000_chunk100,True
AVA_20TAGRElvfE_s404000_e408000_chunk101,True
AVA_20TAGRElvfE_s408000_e412000_chunk102,True
AVA_20TAGRElvfE_s412000_e416000_chunk103,True
AVA_20TAGRElvfE_s416000_e420000_chunk104,True
AVA_20TAGRElvfE_s420000_e424000_chunk105,True
AVA_20TAGRElvfE_s424000_e428000_chunk106,True
AVA_20TAGRElvfE_s428000_e432000_chunk107,False
AVA_20TAGRElvfE_s432000_e436000_chunk108,True
AVA_20TAGRElvfE_s436000_e440000_chunk109,True
AVA_20TAGRElvfE_s440000_e444000_chunk110,True
AVA_20TAGRElvfE_s444000_e448000_chunk111,True
AVA_20TAGRElvfE_s448000_e452000_chunk112,True
AVA_20TAGRElvfE_s452000_e456000_chunk113,True
AVA_20TAGRElvfE_s456000_e460000_chunk114,True
AVA_20TAGRElvfE_s460000_e464000_chunk115,True
AVA_20TAGRElvfE_s464000_e468000_chunk116,True
AVA_20TAGRElvfE_s468000_e472000_chunk117,True
AVA_20TAGRElvfE_s472000_e476000_chunk118,True
AVA_20TAGRElvfE_s476000_e480000_chunk119,True
AVA_20TAGRElvfE_s480000_e484000_chunk120,True
AVA_20TAGRElvfE_s484000_e488000_chunk121,False
AVA_20TAGRElvfE_s488000_e492000_chunk122,True
AVA_20TAGRElvfE_s492000_e496000_chunk123,True
AVA_20TAGRElvfE_s496000_e500000_chunk124,True
AVA_20TAGRElvfE_s500000_e504000_chunk125,True
AVA_20TAGRElvfE_s504000_e508000_chunk126,True
AVA_20TAGRElvfE_s508000_e512000_chunk127,True
AVA_20TAGRElvfE_s512000_e516000_chunk128,True
AVA_20TAGRElvfE_s516000_e520000_chunk129,False
AVA_20TAGRElvfE_s520000_e524000_chunk130,True
AVA_20TAGRElvfE_s524000_e528000_chunk131,True
AVA_20TAGRElvfE_s528000_e532000_chunk132,True
AVA_20TAGRElvfE_s532000_e536000_chunk133,True
AVA_20TAGRElvfE_s536000_e540000_chunk134,True
AVA_20TAGRElvfE_s540000_e544000_chunk135,True
AVA_20TAGRElvfE_s544000_e548000_chunk136,True
AVA_20TAGRElvfE_s548000_e552000_chunk137,True
AVA_20TAGRElvfE_s552000_e556000_chunk138,True
AVA_20TAGRElvfE_s556000_e560000_chunk139,True
AVA_20TAGRElvfE_s560000_e564000_chunk140,True
AVA_20TAGRElvfE_s564000_e568000_chunk141,True
AVA_20TAGRElvfE_s568000_e572000_chunk142,True
AVA_20TAGRElvfE_s572000_e576000_chunk143,False
AVA_20TAGRElvfE_s576000_e580000_chunk144,True
AVA_20TAGRElvfE_s580000_e584000_chunk145,True
AVA_20TAGRElvfE_s584000_e588000_chunk146,True
AVA_20TAGRElvfE_s588000_e592000_chunk147,False
AVA_20TAGRElvfE_s592000_e596000_chunk148,True
AVA_20TAGRElvfE_s596000_e600000_chunk149,True
AVA_20TAGRElvfE_s600000_e604000_chunk150,True
AVA_20TAGRElvfE_s604000_e608000_chunk151,True
AVA_20TAGRElvfE_s608000_e612000_chunk152,False
AVA_20TAGRElvfE_s612000_e616000_chunk153,False
AVA_20TAGRElvfE_s616000_e620000_chunk154,False
AVA_20TAGRElvfE_s620000_e624000_chunk155,False
AVA_20TAGRElvfE_s624000_e628000_chunk156,False
AVA_20TAGRElvfE_s628000_e632000_chunk157,False
AVA_20TAGRElvfE_s632000_e636000_chunk158,False
AVA_20TAGRElvfE_s636000_e640000_chunk159,False
AVA_20TAGRElvfE_s640000_e644000_chunk160,True
AVA_20TAGRElvfE_s644000_e648000_chunk161,True
AVA_20TAGRElvfE_s648000_e652000_chunk162,True
AVA_20TAGRElvfE_s652000_e656000_chunk163,True
AVA_20TAGRElvfE_s656000_e660000_chunk164,True
AVA_20TAGRElvfE_s660000_e664000_chunk165,True
AVA_20TAGRElvfE_s664000_e668000_chunk166,True
AVA_20TAGRElvfE_s668000_e672000_chunk167,True
AVA_20TAGRElvfE_s672000_e676000_chunk168,True
AVA_20TAGRElvfE_s676000_e680000_chunk169,True
AVA_20TAGRElvfE_s680000_e684000_chunk170,True
AVA_20TAGRElvfE_s684000_e688000_chunk171,True
AVA_20TAGRElvfE_s688000_e692000_chunk172,True
AVA_20TAGRElvfE_s692000_e696000_chunk173,True
AVA_20TAGRElvfE_s696000_e700000_chunk174,True
AVA_20TAGRElvfE_s700000_e704000_chunk175,False
AVA_20TAGRElvfE_s704000_e708000_chunk176,False
AVA_20TAGRElvfE_s708000_e712000_chunk177,True
AVA_20TAGRElvfE_s712000_e716000_chunk178,True
AVA_20TAGRElvfE_s716000_e720000_chunk179,True
AVA_20TAGRElvfE_s720000_e724000_chunk180,False
AVA_20TAGRElvfE_s724000_e728000_chunk181,True
AVA_20TAGRElvfE_s728000_e732000_chunk182,True
AVA_20TAGRElvfE_s732000_e736000_chunk183,False
AVA_20TAGRElvfE_s736000_e740000_chunk184,False
AVA_20TAGRElvfE_s740000_e744000_chunk185,True
AVA_20TAGRElvfE_s744000_e748000_chunk186,True
AVA_20TAGRElvfE_s748000_e752000_chunk187,True
AVA_20TAGRElvfE_s752000_e756000_chunk188,True
AVA_20TAGRElvfE_s756000_e760000_chunk189,True
AVA_20TAGRElvfE_s760000_e764000_chunk190,True
AVA_20TAGRElvfE_s764000_e768000_chunk191,True
AVA_20TAGRElvfE_s768000_e772000_chunk192,True
AVA_20TAGRElvfE_s772000_e776000_chunk193,True
AVA_20TAGRElvfE_s776000_e780000_chunk194,True
AVA_20TAGRElvfE_s780000_e784000_chunk195,True
AVA_20TAGRElvfE_s784000_e788000_chunk196,True
AVA_20TAGRElvfE_s788000_e792000_chunk197,True
AVA_20TAGRElvfE_s792000_e796000_chunk198,True
AVA_20TAGRElvfE_s796000_e800000_chunk199,True
AVA_20TAGRElvfE_s800000_e804000_chunk200,True
AVA_20TAGRElvfE_s804000_e808000_chunk201,True
AVA_20TAGRElvfE_s808000_e812000_chunk202,True
AVA_20TAGRElvfE_s812000_e816000_chunk203,True
AVA_20TAGRElvfE_s816000_e820000_chunk204,True
AVA_20TAGRElvfE_s820000_e824000_chunk205,True
AVA_20TAGRElvfE_s824000_e828000_chunk206,True
AVA_20TAGRElvfE_s828000_e832000_chunk207,True
AVA_20TAGRElvfE_s832000_e836000_chunk208,True
AVA_20TAGRElvfE_s836000_e840000_chunk209,True
AVA_20TAGRElvfE_s840000_e844000_chunk210,True
AVA_20TAGRElvfE_s844000_e848000_chunk211,True
AVA_20TAGRElvfE_s848000_e852000_chunk212,True
AVA_20TAGRElvfE_s852000_e856000_chunk213,True
AVA_20TAGRElvfE_s856000_e860000_chunk214,True
AVA_20TAGRElvfE_s860000_e864000_chunk215,True
AVA_20TAGRElvfE_s864000_e868000_chunk216,True
AVA_20TAGRElvfE_s868000_e872000_chunk217,True
AVA_20TAGRElvfE_s872000_e876000_chunk218,True
AVA_20TAGRElvfE_s876000_e880000_chunk219,True
AVA_20TAGRElvfE_s880000_e884000_chunk220,True
AVA_20TAGRElvfE_s884000_e888000_chunk221,False
AVA_20TAGRElvfE_s888000_e892000_chunk222,True
AVA_20TAGRElvfE_s892000_e896000_chunk223,True
AVA_20TAGRElvfE_s896000_e900000_chunk224,True
AVA_26V9UzqSguo_s0_e4000_chunk0,False
AVA_26V9UzqSguo_s4000_e8000_chunk1,False
AVA_26V9UzqSguo_s8000_e12000_chunk2,False
AVA_26V9UzqSguo_s12000_e16000_chunk3,False
AVA_26V9UzqSguo_s16000_e20000_chunk4,True
AVA_26V9UzqSguo_s20000_e24000_chunk5,True
AVA_26V9UzqSguo_s24000_e28000_chunk6,True
AVA_26V9UzqSguo_s28000_e32000_chunk7,True
AVA_26V9UzqSguo_s32000_e36000_chunk8,False
AVA_26V9UzqSguo_s36000_e40000_chunk9,True
AVA_26V9UzqSguo_s40000_e44000_chunk10,False
AVA_26V9UzqSguo_s44000_e48000_chunk11,True
AVA_26V9UzqSguo_s48000_e52000_chunk12,True
AVA_26V9UzqSguo_s52000_e56000_chunk13,True
AVA_26V9UzqSguo_s56000_e60000_chunk14,True
AVA_26V9UzqSguo_s60000_e64000_chunk15,True
AVA_26V9UzqSguo_s64000_e68000_chunk16,True
AVA_26V9UzqSguo_s68000_e72000_chunk17,True
AVA_26V9UzqSguo_s72000_e76000_chunk18,True
AVA_26V9UzqSguo_s76000_e80000_chunk19,True
AVA_26V9UzqSguo_s80000_e84000_chunk20,True
AVA_26V9UzqSguo_s84000_e88000_chunk21,True
AVA_26V9UzqSguo_s88000_e92000_chunk22,True
AVA_26V9UzqSguo_s92000_e96000_chunk23,True
AVA_26V9UzqSguo_s96000_e100000_chunk24,True
AVA_26V9UzqSguo_s100000_e104000_chunk25,False
AVA_26V9UzqSguo_s104000_e108000_chunk26,True
AVA_26V9UzqSguo_s108000_e112000_chunk27,True
AVA_26V9UzqSguo_s112000_e116000_chunk28,True
AVA_26V9UzqSguo_s116000_e120000_chunk29,True
AVA_26V9UzqSguo_s120000_e124000_chunk30,True
AVA_26V9UzqSguo_s124000_e128000_chunk31,True
AVA_26V9UzqSguo_s128000_e132000_chunk32,True
AVA_26V9UzqSguo_s132000_e136000_chunk33,False
AVA_26V9UzqSguo_s136000_e140000_chunk34,True
AVA_26V9UzqSguo_s140000_e144000_chunk35,True
AVA_26V9UzqSguo_s144000_e148000_chunk36,False
AVA_26V9UzqSguo_s148000_e152000_chunk37,False
AVA_26V9UzqSguo_s152000_e156000_chunk38,False
AVA_26V9UzqSguo_s156000_e160000_chunk39,False
AVA_26V9UzqSguo_s160000_e164000_chunk40,False
AVA_26V9UzqSguo_s164000_e168000_chunk41,False
AVA_26V9UzqSguo_s168000_e172000_chunk42,False
AVA_26V9UzqSguo_s172000_e176000_chunk43,False
AVA_26V9UzqSguo_s176000_e180000_chunk44,False
AVA_26V9UzqSguo_s180000_e184000_chunk45,False
AVA_26V9UzqSguo_s184000_e188000_chunk46,False
AVA_26V9UzqSguo_s188000_e192000_chunk47,False
AVA_26V9UzqSguo_s192000_e196000_chunk48,False
AVA_26V9UzqSguo_s196000_e200000_chunk49,False
AVA_26V9UzqSguo_s200000_e204000_chunk50,False
AVA_26V9UzqSguo_s204000_e208000_chunk51,False
AVA_26V9UzqSguo_s208000_e212000_chunk52,False
AVA_26V9UzqSguo_s212000_e216000_chunk53,False
AVA_26V9UzqSguo_s216000_e220000_chunk54,False
AVA_26V9UzqSguo_s220000_e224000_chunk55,False
AVA_26V9UzqSguo_s224000_e228000_chunk56,True
AVA_26V9UzqSguo_s228000_e232000_chunk57,True
AVA_26V9UzqSguo_s232000_e236000_chunk58,True
AVA_26V9UzqSguo_s236000_e240000_chunk59,False
AVA_26V9UzqSguo_s240000_e244000_chunk60,True
AVA_26V9UzqSguo_s244000_e248000_chunk61,True
AVA_26V9UzqSguo_s248000_e252000_chunk62,True
AVA_26V9UzqSguo_s252000_e256000_chunk63,True
AVA_26V9UzqSguo_s256000_e260000_chunk64,True
AVA_26V9UzqSguo_s260000_e264000_chunk65,True
AVA_26V9UzqSguo_s264000_e268000_chunk66,True
AVA_26V9UzqSguo_s268000_e272000_chunk67,False
AVA_26V9UzqSguo_s272000_e276000_chunk68,False
AVA_26V9UzqSguo_s276000_e280000_chunk69,False
AVA_26V9UzqSguo_s280000_e284000_chunk70,False
AVA_26V9UzqSguo_s284000_e288000_chunk71,False
AVA_26V9UzqSguo_s288000_e292000_chunk72,False
AVA_26V9UzqSguo_s292000_e296000_chunk73,False
AVA_26V9UzqSguo_s296000_e300000_chunk74,False
AVA_26V9UzqSguo_s300000_e304000_chunk75,False
AVA_26V9UzqSguo_s304000_e308000_chunk76,False
AVA_26V9UzqSguo_s308000_e312000_chunk77,False
AVA_26V9UzqSguo_s312000_e316000_chunk78,False
AVA_26V9UzqSguo_s316000_e320000_chunk79,True
AVA_26V9UzqSguo_s320000_e324000_chunk80,False
AVA_26V9UzqSguo_s324000_e328000_chunk81,False
AVA_26V9UzqSguo_s328000_e332000_chunk82,False
AVA_26V9UzqSguo_s332000_e336000_chunk83,False
AVA_26V9UzqSguo_s336000_e340000_chunk84,False
AVA_26V9UzqSguo_s340000_e344000_chunk85,True
AVA_26V9UzqSguo_s344000_e348000_chunk86,True
AVA_26V9UzqSguo_s348000_e352000_chunk87,True
AVA_26V9UzqSguo_s352000_e356000_chunk88,True
AVA_26V9UzqSguo_s356000_e360000_chunk89,True
AVA_26V9UzqSguo_s360000_e364000_chunk90,True
AVA_26V9UzqSguo_s364000_e368000_chunk91,True
AVA_26V9UzqSguo_s368000_e372000_chunk92,True
AVA_26V9UzqSguo_s372000_e376000_chunk93,True
AVA_26V9UzqSguo_s376000_e380000_chunk94,False
AVA_26V9UzqSguo_s380000_e384000_chunk95,False
AVA_26V9UzqSguo_s384000_e388000_chunk96,True
AVA_26V9UzqSguo_s388000_e392000_chunk97,True
AVA_26V9UzqSguo_s392000_e396000_chunk98,True
AVA_26V9UzqSguo_s396000_e400000_chunk99,True
AVA_26V9UzqSguo_s400000_e404000_chunk100,True
AVA_26V9UzqSguo_s404000_e408000_chunk101,True
AVA_26V9UzqSguo_s408000_e412000_chunk102,True
AVA_26V9UzqSguo_s412000_e416000_chunk103,True
AVA_26V9UzqSguo_s416000_e420000_chunk104,False
AVA_26V9UzqSguo_s420000_e424000_chunk105,False
AVA_26V9UzqSguo_s424000_e428000_chunk106,False
AVA_26V9UzqSguo_s428000_e432000_chunk107,False
AVA_26V9UzqSguo_s432000_e436000_chunk108,False
AVA_26V9UzqSguo_s436000_e440000_chunk109,False
AVA_26V9UzqSguo_s440000_e444000_chunk110,False
AVA_26V9UzqSguo_s444000_e448000_chunk111,False
AVA_26V9UzqSguo_s448000_e452000_chunk112,False
AVA_26V9UzqSguo_s452000_e456000_chunk113,False
AVA_26V9UzqSguo_s456000_e460000_chunk114,False
AVA_26V9UzqSguo_s460000_e464000_chunk115,False
AVA_26V9UzqSguo_s464000_e468000_chunk116,False
AVA_26V9UzqSguo_s468000_e472000_chunk117,False
AVA_26V9UzqSguo_s472000_e476000_chunk118,False
AVA_26V9UzqSguo_s476000_e480000_chunk119,False
AVA_26V9UzqSguo_s480000_e484000_chunk120,False
AVA_26V9UzqSguo_s484000_e488000_chunk121,False
AVA_26V9UzqSguo_s488000_e492000_chunk122,False
AVA_26V9UzqSguo_s492000_e496000_chunk123,False
AVA_26V9UzqSguo_s496000_e500000_chunk124,False
AVA_26V9UzqSguo_s500000_e504000_chunk125,False
AVA_26V9UzqSguo_s504000_e508000_chunk126,False
AVA_26V9UzqSguo_s508000_e512000_chunk127,False
AVA_26V9UzqSguo_s512000_e516000_chunk128,False
AVA_26V9UzqSguo_s516000_e520000_chunk129,False
AVA_26V9UzqSguo_s520000_e524000_chunk130,False
AVA_26V9UzqSguo_s524000_e528000_chunk131,False
AVA_26V9UzqSguo_s528000_e532000_chunk132,False
AVA_26V9UzqSguo_s532000_e536000_chunk133,False
AVA_26V9UzqSguo_s536000_e540000_chunk134,False
AVA_26V9UzqSguo_s540000_e544000_chunk135,False
AVA_26V9UzqSguo_s544000_e548000_chunk136,False
AVA_26V9UzqSguo_s548000_e552000_chunk137,False
AVA_26V9UzqSguo_s552000_e556000_chunk138,True
AVA_26V9UzqSguo_s556000_e560000_chunk139,True
AVA_26V9UzqSguo_s560000_e564000_chunk140,True
AVA_26V9UzqSguo_s564000_e568000_chunk141,True
AVA_26V9UzqSguo_s568000_e572000_chunk142,True
AVA_26V9UzqSguo_s572000_e576000_chunk143,True
AVA_26V9UzqSguo_s576000_e580000_chunk144,True
AVA_26V9UzqSguo_s580000_e584000_chunk145,True
AVA_26V9UzqSguo_s584000_e588000_chunk146,True
AVA_26V9UzqSguo_s588000_e592000_chunk147,True
AVA_26V9UzqSguo_s592000_e596000_chunk148,True
AVA_26V9UzqSguo_s596000_e600000_chunk149,True
AVA_26V9UzqSguo_s600000_e604000_chunk150,True
AVA_26V9UzqSguo_s604000_e608000_chunk151,True
AVA_26V9UzqSguo_s608000_e612000_chunk152,True
AVA_26V9UzqSguo_s612000_e616000_chunk153,True
AVA_26V9UzqSguo_s616000_e620000_chunk154,True
AVA_26V9UzqSguo_s620000_e624000_chunk155,False
AVA_26V9UzqSguo_s624000_e628000_chunk156,True
AVA_26V9UzqSguo_s628000_e632000_chunk157,True
AVA_26V9UzqSguo_s632000_e636000_chunk158,True
AVA_26V9UzqSguo_s636000_e640000_chunk159,True
AVA_26V9UzqSguo_s640000_e644000_chunk160,False
AVA_26V9UzqSguo_s644000_e648000_chunk161,False
AVA_26V9UzqSguo_s648000_e652000_chunk162,False
AVA_26V9UzqSguo_s652000_e656000_chunk163,True
AVA_26V9UzqSguo_s656000_e660000_chunk164,True
AVA_26V9UzqSguo_s660000_e664000_chunk165,True
AVA_26V9UzqSguo_s664000_e668000_chunk166,True
AVA_26V9UzqSguo_s668000_e672000_chunk167,True
AVA_26V9UzqSguo_s672000_e676000_chunk168,True
AVA_26V9UzqSguo_s676000_e680000_chunk169,False
AVA_26V9UzqSguo_s680000_e684000_chunk170,False
AVA_26V9UzqSguo_s684000_e688000_chunk171,False
AVA_26V9UzqSguo_s688000_e692000_chunk172,False
AVA_26V9UzqSguo_s692000_e696000_chunk173,False
AVA_26V9UzqSguo_s696000_e700000_chunk174,False
AVA_26V9UzqSguo_s700000_e704000_chunk175,False
AVA_26V9UzqSguo_s704000_e708000_chunk176,False
AVA_26V9UzqSguo_s708000_e712000_chunk177,False
AVA_26V9UzqSguo_s712000_e716000_chunk178,False
AVA_26V9UzqSguo_s716000_e720000_chunk179,False
AVA_26V9UzqSguo_s720000_e724000_chunk180,False
AVA_26V9UzqSguo_s724000_e728000_chunk181,False
AVA_26V9UzqSguo_s728000_e732000_chunk182,False
AVA_26V9UzqSguo_s732000_e736000_chunk183,False
AVA_26V9UzqSguo_s736000_e740000_chunk184,False
AVA_26V9UzqSguo_s740000_e744000_chunk185,False
AVA_26V9UzqSguo_s744000_e748000_chunk186,False
AVA_26V9UzqSguo_s748000_e752000_chunk187,False
AVA_26V9UzqSguo_s752000_e756000_chunk188,False
AVA_26V9UzqSguo_s756000_e760000_chunk189,False
AVA_26V9UzqSguo_s760000_e764000_chunk190,False
AVA_26V9UzqSguo_s764000_e768000_chunk191,False
AVA_26V9UzqSguo_s768000_e772000_chunk192,False
AVA_26V9UzqSguo_s772000_e776000_chunk193,False
AVA_26V9UzqSguo_s776000_e780000_chunk194,False
AVA_26V9UzqSguo_s780000_e784000_chunk195,False
AVA_26V9UzqSguo_s784000_e788000_chunk196,True
AVA_26V9UzqSguo_s788000_e792000_chunk197,False
AVA_26V9UzqSguo_s792000_e796000_chunk198,False
AVA_26V9UzqSguo_s796000_e800000_chunk199,False
AVA_26V9UzqSguo_s800000_e804000_chunk200,False
AVA_26V9UzqSguo_s804000_e808000_chunk201,False
AVA_26V9UzqSguo_s808000_e812000_chunk202,False
AVA_26V9UzqSguo_s812000_e816000_chunk203,False
AVA_26V9UzqSguo_s816000_e820000_chunk204,False
AVA_26V9UzqSguo_s820000_e824000_chunk205,False
AVA_26V9UzqSguo_s824000_e828000_chunk206,True
AVA_26V9UzqSguo_s828000_e832000_chunk207,True
AVA_26V9UzqSguo_s832000_e836000_chunk208,True
AVA_26V9UzqSguo_s836000_e840000_chunk209,True
AVA_26V9UzqSguo_s840000_e844000_chunk210,False
AVA_26V9UzqSguo_s844000_e848000_chunk211,False
AVA_26V9UzqSguo_s848000_e852000_chunk212,False
AVA_26V9UzqSguo_s852000_e856000_chunk213,True
AVA_26V9UzqSguo_s856000_e860000_chunk214,True
AVA_26V9UzqSguo_s860000_e864000_chunk215,True
AVA_26V9UzqSguo_s864000_e868000_chunk216,True
AVA_26V9UzqSguo_s868000_e872000_chunk217,True
AVA_26V9UzqSguo_s872000_e876000_chunk218,True
AVA_26V9UzqSguo_s876000_e880000_chunk219,True
AVA_26V9UzqSguo_s880000_e884000_chunk220,True
AVA_26V9UzqSguo_s884000_e888000_chunk221,True
AVA_26V9UzqSguo_s888000_e892000_chunk222,True
AVA_26V9UzqSguo_s892000_e896000_chunk223,True
AVA_26V9UzqSguo_s896000_e900000_chunk224,True
AVA_2bxKkUgcqpk_s0_e4000_chunk0,True
AVA_2bxKkUgcqpk_s4000_e8000_chunk1,False
AVA_2bxKkUgcqpk_s8000_e12000_chunk2,False
AVA_2bxKkUgcqpk_s12000_e16000_chunk3,True
AVA_2bxKkUgcqpk_s16000_e20000_chunk4,True
AVA_2bxKkUgcqpk_s20000_e24000_chunk5,False
AVA_2bxKkUgcqpk_s24000_e28000_chunk6,False
AVA_2bxKkUgcqpk_s28000_e32000_chunk7,False
AVA_2bxKkUgcqpk_s32000_e36000_chunk8,False
AVA_2bxKkUgcqpk_s36000_e40000_chunk9,False
AVA_2bxKkUgcqpk_s40000_e44000_chunk10,False
AVA_2bxKkUgcqpk_s44000_e48000_chunk11,False
AVA_2bxKkUgcqpk_s48000_e52000_chunk12,False
AVA_2bxKkUgcqpk_s52000_e56000_chunk13,False
AVA_2bxKkUgcqpk_s56000_e60000_chunk14,False
AVA_2bxKkUgcqpk_s60000_e64000_chunk15,False
AVA_2bxKkUgcqpk_s64000_e68000_chunk16,False
AVA_2bxKkUgcqpk_s68000_e72000_chunk17,False
AVA_2bxKkUgcqpk_s72000_e76000_chunk18,False
AVA_2bxKkUgcqpk_s76000_e80000_chunk19,True
AVA_2bxKkUgcqpk_s80000_e84000_chunk20,True
AVA_2bxKkUgcqpk_s84000_e88000_chunk21,True
AVA_2bxKkUgcqpk_s88000_e92000_chunk22,True
AVA_2bxKkUgcqpk_s92000_e96000_chunk23,True
AVA_2bxKkUgcqpk_s96000_e100000_chunk24,True
AVA_2bxKkUgcqpk_s100000_e104000_chunk25,False
AVA_2bxKkUgcqpk_s104000_e108000_chunk26,True
AVA_2bxKkUgcqpk_s108000_e112000_chunk27,True
AVA_2bxKkUgcqpk_s112000_e116000_chunk28,True
AVA_2bxKkUgcqpk_s116000_e120000_chunk29,True
AVA_2bxKkUgcqpk_s120000_e124000_chunk30,True
AVA_2bxKkUgcqpk_s124000_e128000_chunk31,True
AVA_2bxKkUgcqpk_s128000_e132000_chunk32,True
AVA_2bxKkUgcqpk_s132000_e136000_chunk33,True
AVA_2bxKkUgcqpk_s136000_e140000_chunk34,True
AVA_2bxKkUgcqpk_s140000_e144000_chunk35,False
AVA_2bxKkUgcqpk_s144000_e148000_chunk36,True
AVA_2bxKkUgcqpk_s148000_e152000_chunk37,True
AVA_2bxKkUgcqpk_s152000_e156000_chunk38,False
AVA_2bxKkUgcqpk_s156000_e160000_chunk39,True
AVA_2bxKkUgcqpk_s160000_e164000_chunk40,True
AVA_2bxKkUgcqpk_s164000_e168000_chunk41,True
AVA_2bxKkUgcqpk_s168000_e172000_chunk42,True
AVA_2bxKkUgcqpk_s172000_e176000_chunk43,True
AVA_2bxKkUgcqpk_s176000_e180000_chunk44,True
AVA_2bxKkUgcqpk_s180000_e184000_chunk45,True
AVA_2bxKkUgcqpk_s184000_e188000_chunk46,True
AVA_2bxKkUgcqpk_s188000_e192000_chunk47,True
AVA_2bxKkUgcqpk_s192000_e196000_chunk48,True
AVA_2bxKkUgcqpk_s196000_e200000_chunk49,True
AVA_2bxKkUgcqpk_s200000_e204000_chunk50,True
AVA_2bxKkUgcqpk_s204000_e208000_chunk51,True
AVA_2bxKkUgcqpk_s208000_e212000_chunk52,True
AVA_2bxKkUgcqpk_s212000_e216000_chunk53,True
AVA_2bxKkUgcqpk_s216000_e220000_chunk54,True
AVA_2bxKkUgcqpk_s220000_e224000_chunk55,True
AVA_2bxKkUgcqpk_s224000_e228000_chunk56,True
AVA_2bxKkUgcqpk_s228000_e232000_chunk57,True
AVA_2bxKkUgcqpk_s232000_e236000_chunk58,True
AVA_2bxKkUgcqpk_s236000_e240000_chunk59,True
AVA_2bxKkUgcqpk_s240000_e244000_chunk60,True
AVA_2bxKkUgcqpk_s244000_e248000_chunk61,True
AVA_2bxKkUgcqpk_s248000_e252000_chunk62,True
AVA_2bxKkUgcqpk_s252000_e256000_chunk63,True
AVA_2bxKkUgcqpk_s256000_e260000_chunk64,True
AVA_2bxKkUgcqpk_s260000_e264000_chunk65,False
AVA_2bxKkUgcqpk_s264000_e268000_chunk66,True
AVA_2bxKkUgcqpk_s268000_e272000_chunk67,False
AVA_2bxKkUgcqpk_s272000_e276000_chunk68,True
AVA_2bxKkUgcqpk_s276000_e280000_chunk69,False
AVA_2bxKkUgcqpk_s280000_e284000_chunk70,False
AVA_2bxKkUgcqpk_s284000_e288000_chunk71,False
AVA_2bxKkUgcqpk_s288000_e292000_chunk72,True
AVA_2bxKkUgcqpk_s292000_e296000_chunk73,True
AVA_2bxKkUgcqpk_s296000_e300000_chunk74,True
AVA_2bxKkUgcqpk_s300000_e304000_chunk75,True
AVA_2bxKkUgcqpk_s304000_e308000_chunk76,False
AVA_2bxKkUgcqpk_s308000_e312000_chunk77,False
AVA_2bxKkUgcqpk_s312000_e316000_chunk78,True
AVA_2bxKkUgcqpk_s316000_e320000_chunk79,True
AVA_2bxKkUgcqpk_s320000_e324000_chunk80,True
AVA_2bxKkUgcqpk_s324000_e328000_chunk81,True
AVA_2bxKkUgcqpk_s328000_e332000_chunk82,True
AVA_2bxKkUgcqpk_s332000_e336000_chunk83,True
AVA_2bxKkUgcqpk_s336000_e340000_chunk84,True
AVA_2bxKkUgcqpk_s340000_e344000_chunk85,True
AVA_2bxKkUgcqpk_s344000_e348000_chunk86,True
AVA_2bxKkUgcqpk_s348000_e352000_chunk87,True
AVA_2bxKkUgcqpk_s352000_e356000_chunk88,True
AVA_2bxKkUgcqpk_s356000_e360000_chunk89,False
AVA_2bxKkUgcqpk_s360000_e364000_chunk90,False
AVA_2bxKkUgcqpk_s364000_e368000_chunk91,True
AVA_2bxKkUgcqpk_s368000_e372000_chunk92,True
AVA_2bxKkUgcqpk_s372000_e376000_chunk93,True
AVA_2bxKkUgcqpk_s376000_e380000_chunk94,True
AVA_2bxKkUgcqpk_s380000_e384000_chunk95,True
AVA_2bxKkUgcqpk_s384000_e388000_chunk96,True
AVA_2bxKkUgcqpk_s388000_e392000_chunk97,True
AVA_2bxKkUgcqpk_s392000_e396000_chunk98,True
AVA_2bxKkUgcqpk_s396000_e400000_chunk99,True
AVA_2bxKkUgcqpk_s400000_e404000_chunk100,False
AVA_2bxKkUgcqpk_s404000_e408000_chunk101,True
AVA_2bxKkUgcqpk_s408000_e412000_chunk102,True
AVA_2bxKkUgcqpk_s412000_e416000_chunk103,True
AVA_2bxKkUgcqpk_s416000_e420000_chunk104,True
AVA_2bxKkUgcqpk_s420000_e424000_chunk105,True
AVA_2bxKkUgcqpk_s424000_e428000_chunk106,True
AVA_2bxKkUgcqpk_s428000_e432000_chunk107,True
AVA_2bxKkUgcqpk_s432000_e436000_chunk108,True
AVA_2bxKkUgcqpk_s436000_e440000_chunk109,True
AVA_2bxKkUgcqpk_s440000_e444000_chunk110,True
AVA_2bxKkUgcqpk_s444000_e448000_chunk111,True
AVA_2bxKkUgcqpk_s448000_e452000_chunk112,True
AVA_2bxKkUgcqpk_s452000_e456000_chunk113,True
AVA_2bxKkUgcqpk_s456000_e460000_chunk114,True
AVA_2bxKkUgcqpk_s460000_e464000_chunk115,True
AVA_2bxKkUgcqpk_s464000_e468000_chunk116,True
AVA_2bxKkUgcqpk_s468000_e472000_chunk117,True
AVA_2bxKkUgcqpk_s472000_e476000_chunk118,True
AVA_2bxKkUgcqpk_s476000_e480000_chunk119,True
AVA_2bxKkUgcqpk_s480000_e484000_chunk120,True
AVA_2bxKkUgcqpk_s484000_e488000_chunk121,True
AVA_2bxKkUgcqpk_s488000_e492000_chunk122,True
AVA_2bxKkUgcqpk_s492000_e496000_chunk123,True
AVA_2bxKkUgcqpk_s496000_e500000_chunk124,True
AVA_2bxKkUgcqpk_s500000_e504000_chunk125,True
AVA_2bxKkUgcqpk_s504000_e508000_chunk126,True
AVA_2bxKkUgcqpk_s508000_e512000_chunk127,True
AVA_2bxKkUgcqpk_s512000_e516000_chunk128,True
AVA_2bxKkUgcqpk_s516000_e520000_chunk129,True
AVA_2bxKkUgcqpk_s520000_e524000_chunk130,True
AVA_2bxKkUgcqpk_s524000_e528000_chunk131,True
AVA_2bxKkUgcqpk_s528000_e532000_chunk132,False
AVA_2bxKkUgcqpk_s532000_e536000_chunk133,False
AVA_2bxKkUgcqpk_s536000_e540000_chunk134,False
AVA_2bxKkUgcqpk_s540000_e544000_chunk135,False
AVA_2bxKkUgcqpk_s544000_e548000_chunk136,False
AVA_2bxKkUgcqpk_s548000_e552000_chunk137,False
AVA_2bxKkUgcqpk_s552000_e556000_chunk138,False
AVA_2bxKkUgcqpk_s556000_e560000_chunk139,True
AVA_2bxKkUgcqpk_s560000_e564000_chunk140,False
AVA_2bxKkUgcqpk_s564000_e568000_chunk141,True
AVA_2bxKkUgcqpk_s568000_e572000_chunk142,True
AVA_2bxKkUgcqpk_s572000_e576000_chunk143,True
AVA_2bxKkUgcqpk_s576000_e580000_chunk144,True
AVA_2bxKkUgcqpk_s580000_e584000_chunk145,True
AVA_2bxKkUgcqpk_s584000_e588000_chunk146,True
AVA_2bxKkUgcqpk_s588000_e592000_chunk147,False
AVA_2bxKkUgcqpk_s592000_e596000_chunk148,True
AVA_2bxKkUgcqpk_s596000_e600000_chunk149,True
AVA_2bxKkUgcqpk_s600000_e604000_chunk150,True
AVA_2bxKkUgcqpk_s604000_e608000_chunk151,True
AVA_2bxKkUgcqpk_s608000_e612000_chunk152,True
AVA_2bxKkUgcqpk_s612000_e616000_chunk153,True
AVA_2bxKkUgcqpk_s616000_e620000_chunk154,True
AVA_2bxKkUgcqpk_s620000_e624000_chunk155,True
AVA_2bxKkUgcqpk_s624000_e628000_chunk156,True
AVA_2bxKkUgcqpk_s628000_e632000_chunk157,True
AVA_2bxKkUgcqpk_s632000_e636000_chunk158,True
AVA_2bxKkUgcqpk_s636000_e640000_chunk159,True
AVA_2bxKkUgcqpk_s640000_e644000_chunk160,True
AVA_2bxKkUgcqpk_s644000_e648000_chunk161,True
AVA_2bxKkUgcqpk_s648000_e652000_chunk162,True
AVA_2bxKkUgcqpk_s652000_e656000_chunk163,True
AVA_2bxKkUgcqpk_s656000_e660000_chunk164,True
AVA_2bxKkUgcqpk_s660000_e664000_chunk165,True
AVA_2bxKkUgcqpk_s664000_e668000_chunk166,True
AVA_2bxKkUgcqpk_s668000_e672000_chunk167,True
AVA_2bxKkUgcqpk_s672000_e676000_chunk168,True
AVA_2bxKkUgcqpk_s676000_e680000_chunk169,True
AVA_2bxKkUgcqpk_s680000_e684000_chunk170,True
AVA_2bxKkUgcqpk_s684000_e688000_chunk171,True
AVA_2bxKkUgcqpk_s688000_e692000_chunk172,True
AVA_2bxKkUgcqpk_s692000_e696000_chunk173,True
AVA_2bxKkUgcqpk_s696000_e700000_chunk174,True
AVA_2bxKkUgcqpk_s700000_e704000_chunk175,True
AVA_2bxKkUgcqpk_s704000_e708000_chunk176,True
AVA_2bxKkUgcqpk_s708000_e712000_chunk177,True
AVA_2bxKkUgcqpk_s712000_e716000_chunk178,True
AVA_2bxKkUgcqpk_s716000_e720000_chunk179,False
AVA_2bxKkUgcqpk_s720000_e724000_chunk180,True
AVA_2bxKkUgcqpk_s724000_e728000_chunk181,True
AVA_2bxKkUgcqpk_s728000_e732000_chunk182,True
AVA_2bxKkUgcqpk_s732000_e736000_chunk183,True
AVA_2bxKkUgcqpk_s736000_e740000_chunk184,True
AVA_2bxKkUgcqpk_s740000_e744000_chunk185,True
AVA_2bxKkUgcqpk_s744000_e748000_chunk186,True
AVA_2bxKkUgcqpk_s748000_e752000_chunk187,False
AVA_2bxKkUgcqpk_s752000_e756000_chunk188,False
AVA_2bxKkUgcqpk_s756000_e760000_chunk189,False
AVA_2bxKkUgcqpk_s760000_e764000_chunk190,False
AVA_2bxKkUgcqpk_s764000_e768000_chunk191,False
AVA_2bxKkUgcqpk_s768000_e772000_chunk192,False
AVA_2bxKkUgcqpk_s772000_e776000_chunk193,False
AVA_2bxKkUgcqpk_s776000_e780000_chunk194,False
AVA_2bxKkUgcqpk_s780000_e784000_chunk195,False
AVA_2bxKkUgcqpk_s784000_e788000_chunk196,False
AVA_2bxKkUgcqpk_s788000_e792000_chunk197,True
AVA_2bxKkUgcqpk_s792000_e796000_chunk198,True
AVA_2bxKkUgcqpk_s796000_e800000_chunk199,True
AVA_2bxKkUgcqpk_s800000_e804000_chunk200,True
AVA_2bxKkUgcqpk_s804000_e808000_chunk201,False
AVA_2bxKkUgcqpk_s808000_e812000_chunk202,False
AVA_2bxKkUgcqpk_s812000_e816000_chunk203,True
AVA_2bxKkUgcqpk_s816000_e820000_chunk204,True
AVA_2bxKkUgcqpk_s820000_e824000_chunk205,True
AVA_2bxKkUgcqpk_s824000_e828000_chunk206,True
AVA_2bxKkUgcqpk_s828000_e832000_chunk207,False
AVA_2bxKkUgcqpk_s832000_e836000_chunk208,False
AVA_2bxKkUgcqpk_s836000_e840000_chunk209,False
AVA_2bxKkUgcqpk_s840000_e844000_chunk210,True
AVA_2bxKkUgcqpk_s844000_e848000_chunk211,True
AVA_2bxKkUgcqpk_s848000_e852000_chunk212,True
AVA_2bxKkUgcqpk_s852000_e856000_chunk213,True
AVA_2bxKkUgcqpk_s856000_e860000_chunk214,True
AVA_2bxKkUgcqpk_s860000_e864000_chunk215,True
AVA_2bxKkUgcqpk_s864000_e868000_chunk216,True
AVA_2bxKkUgcqpk_s868000_e872000_chunk217,True
AVA_2bxKkUgcqpk_s872000_e876000_chunk218,True
AVA_2bxKkUgcqpk_s876000_e880000_chunk219,True
AVA_2bxKkUgcqpk_s880000_e884000_chunk220,True
AVA_2bxKkUgcqpk_s884000_e888000_chunk221,True
AVA_2bxKkUgcqpk_s888000_e892000_chunk222,True
AVA_2bxKkUgcqpk_s892000_e896000_chunk223,True
AVA_2bxKkUgcqpk_s896000_e900000_chunk224,True
AVA_2DUITARAsWQ_s0_e4000_chunk0,True
AVA_2DUITARAsWQ_s4000_e8000_chunk1,True
AVA_2DUITARAsWQ_s8000_e12000_chunk2,False
AVA_2DUITARAsWQ_s12000_e16000_chunk3,False
AVA_2DUITARAsWQ_s16000_e20000_chunk4,False
AVA_2DUITARAsWQ_s20000_e24000_chunk5,False
AVA_2DUITARAsWQ_s24000_e28000_chunk6,False
AVA_2DUITARAsWQ_s28000_e32000_chunk7,True
AVA_2DUITARAsWQ_s32000_e36000_chunk8,True
AVA_2DUITARAsWQ_s36000_e40000_chunk9,True
AVA_2DUITARAsWQ_s40000_e44000_chunk10,True
AVA_2DUITARAsWQ_s44000_e48000_chunk11,False
AVA_2DUITARAsWQ_s48000_e52000_chunk12,False
AVA_2DUITARAsWQ_s52000_e56000_chunk13,False
AVA_2DUITARAsWQ_s56000_e60000_chunk14,False
AVA_2DUITARAsWQ_s60000_e64000_chunk15,False
AVA_2DUITARAsWQ_s64000_e68000_chunk16,True
AVA_2DUITARAsWQ_s68000_e72000_chunk17,True
AVA_2DUITARAsWQ_s72000_e76000_chunk18,True
AVA_2DUITARAsWQ_s76000_e80000_chunk19,False
AVA_2DUITARAsWQ_s80000_e84000_chunk20,False
AVA_2DUITARAsWQ_s84000_e88000_chunk21,False
AVA_2DUITARAsWQ_s88000_e92000_chunk22,False
AVA_2DUITARAsWQ_s92000_e96000_chunk23,False
AVA_2DUITARAsWQ_s96000_e100000_chunk24,False
AVA_2DUITARAsWQ_s100000_e104000_chunk25,False
AVA_2DUITARAsWQ_s104000_e108000_chunk26,True
AVA_2DUITARAsWQ_s108000_e112000_chunk27,False
AVA_2DUITARAsWQ_s112000_e116000_chunk28,False
AVA_2DUITARAsWQ_s116000_e120000_chunk29,False
AVA_2DUITARAsWQ_s120000_e124000_chunk30,False
AVA_2DUITARAsWQ_s124000_e128000_chunk31,False
AVA_2DUITARAsWQ_s128000_e132000_chunk32,False
AVA_2DUITARAsWQ_s132000_e136000_chunk33,False
AVA_2DUITARAsWQ_s136000_e140000_chunk34,False
AVA_2DUITARAsWQ_s140000_e144000_chunk35,False
AVA_2DUITARAsWQ_s144000_e148000_chunk36,False
AVA_2DUITARAsWQ_s148000_e152000_chunk37,False
AVA_2DUITARAsWQ_s152000_e156000_chunk38,False
AVA_2DUITARAsWQ_s156000_e160000_chunk39,False
AVA_2DUITARAsWQ_s160000_e164000_chunk40,False
AVA_2DUITARAsWQ_s164000_e168000_chunk41,True
AVA_2DUITARAsWQ_s168000_e172000_chunk42,True
AVA_2DUITARAsWQ_s172000_e176000_chunk43,True
AVA_2DUITARAsWQ_s176000_e180000_chunk44,False
AVA_2DUITARAsWQ_s180000_e184000_chunk45,False
AVA_2DUITARAsWQ_s184000_e188000_chunk46,False
AVA_2DUITARAsWQ_s188000_e192000_chunk47,False
AVA_2DUITARAsWQ_s192000_e196000_chunk48,False
AVA_2DUITARAsWQ_s196000_e200000_chunk49,False
AVA_2DUITARAsWQ_s200000_e204000_chunk50,False
AVA_2DUITARAsWQ_s204000_e208000_chunk51,True
AVA_2DUITARAsWQ_s208000_e212000_chunk52,True
AVA_2DUITARAsWQ_s212000_e216000_chunk53,True
AVA_2DUITARAsWQ_s216000_e220000_chunk54,True
AVA_2DUITARAsWQ_s220000_e224000_chunk55,True
AVA_2DUITARAsWQ_s224000_e228000_chunk56,True
AVA_2DUITARAsWQ_s228000_e232000_chunk57,True
AVA_2DUITARAsWQ_s232000_e236000_chunk58,False
AVA_2DUITARAsWQ_s236000_e240000_chunk59,False
AVA_2DUITARAsWQ_s240000_e244000_chunk60,True
AVA_2DUITARAsWQ_s244000_e248000_chunk61,True
AVA_2DUITARAsWQ_s248000_e252000_chunk62,True
AVA_2DUITARAsWQ_s252000_e256000_chunk63,True
AVA_2DUITARAsWQ_s256000_e260000_chunk64,True
AVA_2DUITARAsWQ_s260000_e264000_chunk65,True
AVA_2DUITARAsWQ_s264000_e268000_chunk66,True
AVA_2DUITARAsWQ_s268000_e272000_chunk67,True
AVA_2DUITARAsWQ_s272000_e276000_chunk68,True
AVA_2DUITARAsWQ_s276000_e280000_chunk69,True
AVA_2DUITARAsWQ_s280000_e284000_chunk70,False
AVA_2DUITARAsWQ_s284000_e288000_chunk71,False
AVA_2DUITARAsWQ_s288000_e292000_chunk72,False
AVA_2DUITARAsWQ_s292000_e296000_chunk73,True
AVA_2DUITARAsWQ_s296000_e300000_chunk74,False
AVA_2DUITARAsWQ_s300000_e304000_chunk75,False
AVA_2DUITARAsWQ_s304000_e308000_chunk76,True
AVA_2DUITARAsWQ_s308000_e312000_chunk77,True
AVA_2DUITARAsWQ_s312000_e316000_chunk78,False
AVA_2DUITARAsWQ_s316000_e320000_chunk79,False
AVA_2DUITARAsWQ_s320000_e324000_chunk80,False
AVA_2DUITARAsWQ_s324000_e328000_chunk81,True
AVA_2DUITARAsWQ_s328000_e332000_chunk82,True
AVA_2DUITARAsWQ_s332000_e336000_chunk83,True
AVA_2DUITARAsWQ_s336000_e340000_chunk84,True
AVA_2DUITARAsWQ_s340000_e344000_chunk85,True
AVA_2DUITARAsWQ_s344000_e348000_chunk86,True
AVA_2DUITARAsWQ_s348000_e352000_chunk87,True
AVA_2DUITARAsWQ_s352000_e356000_chunk88,True
AVA_2DUITARAsWQ_s356000_e360000_chunk89,True
AVA_2DUITARAsWQ_s360000_e364000_chunk90,True
AVA_2DUITARAsWQ_s364000_e368000_chunk91,True
AVA_2DUITARAsWQ_s368000_e372000_chunk92,True
AVA_2DUITARAsWQ_s372000_e376000_chunk93,True
AVA_2DUITARAsWQ_s376000_e380000_chunk94,True
AVA_2DUITARAsWQ_s380000_e384000_chunk95,True
AVA_2DUITARAsWQ_s384000_e388000_chunk96,True
AVA_2DUITARAsWQ_s388000_e392000_chunk97,True
AVA_2DUITARAsWQ_s392000_e396000_chunk98,True
AVA_2DUITARAsWQ_s396000_e400000_chunk99,True
AVA_2DUITARAsWQ_s400000_e404000_chunk100,True
AVA_2DUITARAsWQ_s404000_e408000_chunk101,True
AVA_2DUITARAsWQ_s408000_e412000_chunk102,True
AVA_2DUITARAsWQ_s412000_e416000_chunk103,True
AVA_2DUITARAsWQ_s416000_e420000_chunk104,True
AVA_2DUITARAsWQ_s420000_e424000_chunk105,True
AVA_2DUITARAsWQ_s424000_e428000_chunk106,False
AVA_2DUITARAsWQ_s428000_e432000_chunk107,False
AVA_2DUITARAsWQ_s432000_e436000_chunk108,False
AVA_2DUITARAsWQ_s436000_e440000_chunk109,True
AVA_2DUITARAsWQ_s440000_e444000_chunk110,True
AVA_2DUITARAsWQ_s444000_e448000_chunk111,True
AVA_2DUITARAsWQ_s448000_e452000_chunk112,True
AVA_2DUITARAsWQ_s452000_e456000_chunk113,True
AVA_2DUITARAsWQ_s456000_e460000_chunk114,True
AVA_2DUITARAsWQ_s460000_e464000_chunk115,True
AVA_2DUITARAsWQ_s464000_e468000_chunk116,True
AVA_2DUITARAsWQ_s468000_e472000_chunk117,True
AVA_2DUITARAsWQ_s472000_e476000_chunk118,True
AVA_2DUITARAsWQ_s476000_e480000_chunk119,True
AVA_2DUITARAsWQ_s480000_e484000_chunk120,True
AVA_2DUITARAsWQ_s484000_e488000_chunk121,True
AVA_2DUITARAsWQ_s488000_e492000_chunk122,True
AVA_2DUITARAsWQ_s492000_e496000_chunk123,True
AVA_2DUITARAsWQ_s496000_e500000_chunk124,True
AVA_2DUITARAsWQ_s500000_e504000_chunk125,True
AVA_2DUITARAsWQ_s504000_e508000_chunk126,True
AVA_2DUITARAsWQ_s508000_e512000_chunk127,True
AVA_2DUITARAsWQ_s512000_e516000_chunk128,True
AVA_2DUITARAsWQ_s516000_e520000_chunk129,True
AVA_2DUITARAsWQ_s520000_e524000_chunk130,True
AVA_2DUITARAsWQ_s524000_e528000_chunk131,True
AVA_2DUITARAsWQ_s528000_e532000_chunk132,True
AVA_2DUITARAsWQ_s532000_e536000_chunk133,True
AVA_2DUITARAsWQ_s536000_e540000_chunk134,True
AVA_2DUITARAsWQ_s540000_e544000_chunk135,True
AVA_2DUITARAsWQ_s544000_e548000_chunk136,True
AVA_2DUITARAsWQ_s548000_e552000_chunk137,True
AVA_2DUITARAsWQ_s552000_e556000_chunk138,True
AVA_2DUITARAsWQ_s556000_e560000_chunk139,True
AVA_2DUITARAsWQ_s560000_e564000_chunk140,False
AVA_2DUITARAsWQ_s564000_e568000_chunk141,False
AVA_2DUITARAsWQ_s568000_e572000_chunk142,True
AVA_2DUITARAsWQ_s572000_e576000_chunk143,True
AVA_2DUITARAsWQ_s576000_e580000_chunk144,True
AVA_2DUITARAsWQ_s580000_e584000_chunk145,True
AVA_2DUITARAsWQ_s584000_e588000_chunk146,False
AVA_2DUITARAsWQ_s588000_e592000_chunk147,True
AVA_2DUITARAsWQ_s592000_e596000_chunk148,True
AVA_2DUITARAsWQ_s596000_e600000_chunk149,False
AVA_2DUITARAsWQ_s600000_e604000_chunk150,False
AVA_2DUITARAsWQ_s604000_e608000_chunk151,False
AVA_2DUITARAsWQ_s608000_e612000_chunk152,False
AVA_2DUITARAsWQ_s612000_e616000_chunk153,False
AVA_2DUITARAsWQ_s616000_e620000_chunk154,True
AVA_2DUITARAsWQ_s620000_e624000_chunk155,True
AVA_2DUITARAsWQ_s624000_e628000_chunk156,True
AVA_2DUITARAsWQ_s628000_e632000_chunk157,True
AVA_2DUITARAsWQ_s632000_e636000_chunk158,True
AVA_2DUITARAsWQ_s636000_e640000_chunk159,True
AVA_2DUITARAsWQ_s640000_e644000_chunk160,True
AVA_2DUITARAsWQ_s644000_e648000_chunk161,True
AVA_2DUITARAsWQ_s648000_e652000_chunk162,False
AVA_2DUITARAsWQ_s652000_e656000_chunk163,True
AVA_2DUITARAsWQ_s656000_e660000_chunk164,True
AVA_2DUITARAsWQ_s660000_e664000_chunk165,True
AVA_2DUITARAsWQ_s664000_e668000_chunk166,True
AVA_2DUITARAsWQ_s668000_e672000_chunk167,True
AVA_2DUITARAsWQ_s672000_e676000_chunk168,True
AVA_2DUITARAsWQ_s676000_e680000_chunk169,True
AVA_2DUITARAsWQ_s680000_e684000_chunk170,True
AVA_2DUITARAsWQ_s684000_e688000_chunk171,True
AVA_2DUITARAsWQ_s688000_e692000_chunk172,True
AVA_2DUITARAsWQ_s692000_e696000_chunk173,True
AVA_2DUITARAsWQ_s696000_e700000_chunk174,True
AVA_2DUITARAsWQ_s700000_e704000_chunk175,True
AVA_2DUITARAsWQ_s704000_e708000_chunk176,True
AVA_2DUITARAsWQ_s708000_e712000_chunk177,True
AVA_2DUITARAsWQ_s712000_e716000_chunk178,True
AVA_2DUITARAsWQ_s716000_e720000_chunk179,True
AVA_2DUITARAsWQ_s720000_e724000_chunk180,True
AVA_2DUITARAsWQ_s724000_e728000_chunk181,True
AVA_2DUITARAsWQ_s728000_e732000_chunk182,True
AVA_2DUITARAsWQ_s732000_e736000_chunk183,True
AVA_2DUITARAsWQ_s736000_e740000_chunk184,True
AVA_2DUITARAsWQ_s740000_e744000_chunk185,True
AVA_2DUITARAsWQ_s744000_e748000_chunk186,True
AVA_2DUITARAsWQ_s748000_e752000_chunk187,True
AVA_2DUITARAsWQ_s752000_e756000_chunk188,True
AVA_2DUITARAsWQ_s756000_e760000_chunk189,True
AVA_2DUITARAsWQ_s760000_e764000_chunk190,True
AVA_2DUITARAsWQ_s764000_e768000_chunk191,True
AVA_2DUITARAsWQ_s768000_e772000_chunk192,True
AVA_2DUITARAsWQ_s772000_e776000_chunk193,True
AVA_2DUITARAsWQ_s776000_e780000_chunk194,True
AVA_2DUITARAsWQ_s780000_e784000_chunk195,True
AVA_2DUITARAsWQ_s784000_e788000_chunk196,True
AVA_2DUITARAsWQ_s788000_e792000_chunk197,True
AVA_2DUITARAsWQ_s792000_e796000_chunk198,True
AVA_2DUITARAsWQ_s796000_e800000_chunk199,True
AVA_2DUITARAsWQ_s800000_e804000_chunk200,True
AVA_2DUITARAsWQ_s804000_e808000_chunk201,True
AVA_2DUITARAsWQ_s808000_e812000_chunk202,True
AVA_2DUITARAsWQ_s812000_e816000_chunk203,True
AVA_2DUITARAsWQ_s816000_e820000_chunk204,True
AVA_2DUITARAsWQ_s820000_e824000_chunk205,True
AVA_2DUITARAsWQ_s824000_e828000_chunk206,True
AVA_2DUITARAsWQ_s828000_e832000_chunk207,True
AVA_2DUITARAsWQ_s832000_e836000_chunk208,True
AVA_2DUITARAsWQ_s836000_e840000_chunk209,True
AVA_2DUITARAsWQ_s840000_e844000_chunk210,True
AVA_2DUITARAsWQ_s844000_e848000_chunk211,True
AVA_2DUITARAsWQ_s848000_e852000_chunk212,True
AVA_2DUITARAsWQ_s852000_e856000_chunk213,True
AVA_2DUITARAsWQ_s856000_e860000_chunk214,True
AVA_2DUITARAsWQ_s860000_e864000_chunk215,True
AVA_2DUITARAsWQ_s864000_e868000_chunk216,True
AVA_2DUITARAsWQ_s868000_e872000_chunk217,True
AVA_2DUITARAsWQ_s872000_e876000_chunk218,True
AVA_2DUITARAsWQ_s876000_e880000_chunk219,True
AVA_2DUITARAsWQ_s880000_e884000_chunk220,False
AVA_2DUITARAsWQ_s884000_e888000_chunk221,False
AVA_2DUITARAsWQ_s888000_e892000_chunk222,False
AVA_2DUITARAsWQ_s892000_e896000_chunk223,True
AVA_2DUITARAsWQ_s896000_e900000_chunk224,True
AVA_2fwni_Kjf2M_s0_e4000_chunk0,False
AVA_2fwni_Kjf2M_s4000_e8000_chunk1,False
AVA_2fwni_Kjf2M_s8000_e12000_chunk2,False
AVA_2fwni_Kjf2M_s12000_e16000_chunk3,False
AVA_2fwni_Kjf2M_s16000_e20000_chunk4,False
AVA_2fwni_Kjf2M_s20000_e24000_chunk5,False
AVA_2fwni_Kjf2M_s24000_e28000_chunk6,False
AVA_2fwni_Kjf2M_s28000_e32000_chunk7,False
AVA_2fwni_Kjf2M_s32000_e36000_chunk8,False
AVA_2fwni_Kjf2M_s36000_e40000_chunk9,False
AVA_2fwni_Kjf2M_s40000_e44000_chunk10,False
AVA_2fwni_Kjf2M_s44000_e48000_chunk11,False
AVA_2fwni_Kjf2M_s48000_e52000_chunk12,False
AVA_2fwni_Kjf2M_s52000_e56000_chunk13,False
AVA_2fwni_Kjf2M_s56000_e60000_chunk14,False
AVA_2fwni_Kjf2M_s60000_e64000_chunk15,False
AVA_2fwni_Kjf2M_s64000_e68000_chunk16,True
AVA_2fwni_Kjf2M_s68000_e72000_chunk17,True
AVA_2fwni_Kjf2M_s72000_e76000_chunk18,True
AVA_2fwni_Kjf2M_s76000_e80000_chunk19,True
AVA_2fwni_Kjf2M_s80000_e84000_chunk20,True
AVA_2fwni_Kjf2M_s84000_e88000_chunk21,True
AVA_2fwni_Kjf2M_s88000_e92000_chunk22,True
AVA_2fwni_Kjf2M_s92000_e96000_chunk23,True
AVA_2fwni_Kjf2M_s96000_e100000_chunk24,True
AVA_2fwni_Kjf2M_s100000_e104000_chunk25,True
AVA_2fwni_Kjf2M_s104000_e108000_chunk26,True
AVA_2fwni_Kjf2M_s108000_e112000_chunk27,True
AVA_2fwni_Kjf2M_s112000_e116000_chunk28,True
AVA_2fwni_Kjf2M_s116000_e120000_chunk29,True
AVA_2fwni_Kjf2M_s120000_e124000_chunk30,True
AVA_2fwni_Kjf2M_s124000_e128000_chunk31,True
AVA_2fwni_Kjf2M_s128000_e132000_chunk32,True
AVA_2fwni_Kjf2M_s132000_e136000_chunk33,True
AVA_2fwni_Kjf2M_s136000_e140000_chunk34,True
AVA_2fwni_Kjf2M_s140000_e144000_chunk35,False
AVA_2fwni_Kjf2M_s144000_e148000_chunk36,False
AVA_2fwni_Kjf2M_s148000_e152000_chunk37,False
AVA_2fwni_Kjf2M_s152000_e156000_chunk38,False
AVA_2fwni_Kjf2M_s156000_e160000_chunk39,False
AVA_2fwni_Kjf2M_s160000_e164000_chunk40,False
AVA_2fwni_Kjf2M_s164000_e168000_chunk41,False
AVA_2fwni_Kjf2M_s168000_e172000_chunk42,False
AVA_2fwni_Kjf2M_s172000_e176000_chunk43,False
AVA_2fwni_Kjf2M_s176000_e180000_chunk44,False
AVA_2fwni_Kjf2M_s180000_e184000_chunk45,False
AVA_2fwni_Kjf2M_s184000_e188000_chunk46,False
AVA_2fwni_Kjf2M_s188000_e192000_chunk47,False
AVA_2fwni_Kjf2M_s192000_e196000_chunk48,False
AVA_2fwni_Kjf2M_s196000_e200000_chunk49,False
AVA_2fwni_Kjf2M_s200000_e204000_chunk50,False
AVA_2fwni_Kjf2M_s204000_e208000_chunk51,False
AVA_2fwni_Kjf2M_s208000_e212000_chunk52,False
AVA_2fwni_Kjf2M_s212000_e216000_chunk53,True
AVA_2fwni_Kjf2M_s216000_e220000_chunk54,True
AVA_2fwni_Kjf2M_s220000_e224000_chunk55,True
AVA_2fwni_Kjf2M_s224000_e228000_chunk56,True
AVA_2fwni_Kjf2M_s228000_e232000_chunk57,True
AVA_2fwni_Kjf2M_s232000_e236000_chunk58,False
AVA_2fwni_Kjf2M_s236000_e240000_chunk59,False
AVA_2fwni_Kjf2M_s240000_e244000_chunk60,False
AVA_2fwni_Kjf2M_s244000_e248000_chunk61,False
AVA_2fwni_Kjf2M_s248000_e252000_chunk62,False
AVA_2fwni_Kjf2M_s252000_e256000_chunk63,False
AVA_2fwni_Kjf2M_s256000_e260000_chunk64,False
AVA_2fwni_Kjf2M_s260000_e264000_chunk65,True
AVA_2fwni_Kjf2M_s264000_e268000_chunk66,True
AVA_2fwni_Kjf2M_s268000_e272000_chunk67,True
AVA_2fwni_Kjf2M_s272000_e276000_chunk68,True
AVA_2fwni_Kjf2M_s276000_e280000_chunk69,True
AVA_2fwni_Kjf2M_s280000_e284000_chunk70,True
AVA_2fwni_Kjf2M_s284000_e288000_chunk71,True
AVA_2fwni_Kjf2M_s288000_e292000_chunk72,False
AVA_2fwni_Kjf2M_s292000_e296000_chunk73,True
AVA_2fwni_Kjf2M_s296000_e300000_chunk74,True
AVA_2fwni_Kjf2M_s300000_e304000_chunk75,False
AVA_2fwni_Kjf2M_s304000_e308000_chunk76,True
AVA_2fwni_Kjf2M_s308000_e312000_chunk77,True
AVA_2fwni_Kjf2M_s312000_e316000_chunk78,True
AVA_2fwni_Kjf2M_s316000_e320000_chunk79,True
AVA_2fwni_Kjf2M_s320000_e324000_chunk80,True
AVA_2fwni_Kjf2M_s324000_e328000_chunk81,True
AVA_2fwni_Kjf2M_s328000_e332000_chunk82,True
AVA_2fwni_Kjf2M_s332000_e336000_chunk83,True
AVA_2fwni_Kjf2M_s336000_e340000_chunk84,False
AVA_2fwni_Kjf2M_s340000_e344000_chunk85,False
AVA_2fwni_Kjf2M_s344000_e348000_chunk86,False
AVA_2fwni_Kjf2M_s348000_e352000_chunk87,True
AVA_2fwni_Kjf2M_s352000_e356000_chunk88,True
AVA_2fwni_Kjf2M_s356000_e360000_chunk89,False
AVA_2fwni_Kjf2M_s360000_e364000_chunk90,True
AVA_2fwni_Kjf2M_s364000_e368000_chunk91,True
AVA_2fwni_Kjf2M_s368000_e372000_chunk92,True
AVA_2fwni_Kjf2M_s372000_e376000_chunk93,True
AVA_2fwni_Kjf2M_s376000_e380000_chunk94,True
AVA_2fwni_Kjf2M_s380000_e384000_chunk95,True
AVA_2fwni_Kjf2M_s384000_e388000_chunk96,True
AVA_2fwni_Kjf2M_s388000_e392000_chunk97,True
AVA_2fwni_Kjf2M_s392000_e396000_chunk98,True
AVA_2fwni_Kjf2M_s396000_e400000_chunk99,True
AVA_2fwni_Kjf2M_s400000_e404000_chunk100,True
AVA_2fwni_Kjf2M_s404000_e408000_chunk101,True
AVA_2fwni_Kjf2M_s408000_e412000_chunk102,True
AVA_2fwni_Kjf2M_s412000_e416000_chunk103,True
AVA_2fwni_Kjf2M_s416000_e420000_chunk104,True
AVA_2fwni_Kjf2M_s420000_e424000_chunk105,True
AVA_2fwni_Kjf2M_s424000_e428000_chunk106,True
AVA_2fwni_Kjf2M_s428000_e432000_chunk107,True
AVA_2fwni_Kjf2M_s432000_e436000_chunk108,True
AVA_2fwni_Kjf2M_s436000_e440000_chunk109,True
AVA_2fwni_Kjf2M_s440000_e444000_chunk110,True
AVA_2fwni_Kjf2M_s444000_e448000_chunk111,True
AVA_2fwni_Kjf2M_s448000_e452000_chunk112,True
AVA_2fwni_Kjf2M_s452000_e456000_chunk113,True
AVA_2fwni_Kjf2M_s456000_e460000_chunk114,True
AVA_2fwni_Kjf2M_s460000_e464000_chunk115,True
AVA_2fwni_Kjf2M_s464000_e468000_chunk116,True
AVA_2fwni_Kjf2M_s468000_e472000_chunk117,True
AVA_2fwni_Kjf2M_s472000_e476000_chunk118,True
AVA_2fwni_Kjf2M_s476000_e480000_chunk119,True
AVA_2fwni_Kjf2M_s480000_e484000_chunk120,True
AVA_2fwni_Kjf2M_s484000_e488000_chunk121,True
AVA_2fwni_Kjf2M_s488000_e492000_chunk122,False
AVA_2fwni_Kjf2M_s492000_e496000_chunk123,False
AVA_2fwni_Kjf2M_s496000_e500000_chunk124,True
AVA_2fwni_Kjf2M_s500000_e504000_chunk125,True
AVA_2fwni_Kjf2M_s504000_e508000_chunk126,True
AVA_2fwni_Kjf2M_s508000_e512000_chunk127,True
AVA_2fwni_Kjf2M_s512000_e516000_chunk128,True
AVA_2fwni_Kjf2M_s516000_e520000_chunk129,True
AVA_2fwni_Kjf2M_s520000_e524000_chunk130,True
AVA_2fwni_Kjf2M_s524000_e528000_chunk131,True
AVA_2fwni_Kjf2M_s528000_e532000_chunk132,True
AVA_2fwni_Kjf2M_s532000_e536000_chunk133,True
AVA_2fwni_Kjf2M_s536000_e540000_chunk134,True
AVA_2fwni_Kjf2M_s540000_e544000_chunk135,True
AVA_2fwni_Kjf2M_s544000_e548000_chunk136,True
AVA_2fwni_Kjf2M_s548000_e552000_chunk137,True
AVA_2fwni_Kjf2M_s552000_e556000_chunk138,True
AVA_2fwni_Kjf2M_s556000_e560000_chunk139,True
AVA_2fwni_Kjf2M_s560000_e564000_chunk140,True
AVA_2fwni_Kjf2M_s564000_e568000_chunk141,True
AVA_2fwni_Kjf2M_s568000_e572000_chunk142,False
AVA_2fwni_Kjf2M_s572000_e576000_chunk143,False
AVA_2fwni_Kjf2M_s576000_e580000_chunk144,False
AVA_2fwni_Kjf2M_s580000_e584000_chunk145,True
AVA_2fwni_Kjf2M_s584000_e588000_chunk146,True
AVA_2fwni_Kjf2M_s588000_e592000_chunk147,True
AVA_2fwni_Kjf2M_s592000_e596000_chunk148,True
AVA_2fwni_Kjf2M_s596000_e600000_chunk149,True
AVA_2fwni_Kjf2M_s600000_e604000_chunk150,True
AVA_2fwni_Kjf2M_s604000_e608000_chunk151,True
AVA_2fwni_Kjf2M_s608000_e612000_chunk152,True
AVA_2fwni_Kjf2M_s612000_e616000_chunk153,True
AVA_2fwni_Kjf2M_s616000_e620000_chunk154,True
AVA_2fwni_Kjf2M_s620000_e624000_chunk155,True
AVA_2fwni_Kjf2M_s624000_e628000_chunk156,True
AVA_2fwni_Kjf2M_s628000_e632000_chunk157,True
AVA_2fwni_Kjf2M_s632000_e636000_chunk158,True
AVA_2fwni_Kjf2M_s636000_e640000_chunk159,True
AVA_2fwni_Kjf2M_s640000_e644000_chunk160,True
AVA_2fwni_Kjf2M_s644000_e648000_chunk161,True
AVA_2fwni_Kjf2M_s648000_e652000_chunk162,True
AVA_2fwni_Kjf2M_s652000_e656000_chunk163,False
AVA_2fwni_Kjf2M_s656000_e660000_chunk164,False
AVA_2fwni_Kjf2M_s660000_e664000_chunk165,False
AVA_2fwni_Kjf2M_s664000_e668000_chunk166,False
AVA_2fwni_Kjf2M_s668000_e672000_chunk167,True
AVA_2fwni_Kjf2M_s672000_e676000_chunk168,True
AVA_2fwni_Kjf2M_s676000_e680000_chunk169,True
AVA_2fwni_Kjf2M_s680000_e684000_chunk170,True
AVA_2fwni_Kjf2M_s684000_e688000_chunk171,True
AVA_2fwni_Kjf2M_s688000_e692000_chunk172,True
AVA_2fwni_Kjf2M_s692000_e696000_chunk173,True
AVA_2fwni_Kjf2M_s696000_e700000_chunk174,True
AVA_2fwni_Kjf2M_s700000_e704000_chunk175,True
AVA_2fwni_Kjf2M_s704000_e708000_chunk176,True
AVA_2fwni_Kjf2M_s708000_e712000_chunk177,True
AVA_2fwni_Kjf2M_s712000_e716000_chunk178,False
AVA_2fwni_Kjf2M_s716000_e720000_chunk179,False
AVA_2fwni_Kjf2M_s720000_e724000_chunk180,False
AVA_2fwni_Kjf2M_s724000_e728000_chunk181,True
AVA_2fwni_Kjf2M_s728000_e732000_chunk182,True
AVA_2fwni_Kjf2M_s732000_e736000_chunk183,True
AVA_2fwni_Kjf2M_s736000_e740000_chunk184,True
AVA_2fwni_Kjf2M_s740000_e744000_chunk185,True
AVA_2fwni_Kjf2M_s744000_e748000_chunk186,True
AVA_2fwni_Kjf2M_s748000_e752000_chunk187,True
AVA_2fwni_Kjf2M_s752000_e756000_chunk188,True
AVA_2fwni_Kjf2M_s756000_e760000_chunk189,True
AVA_2fwni_Kjf2M_s760000_e764000_chunk190,True
AVA_2fwni_Kjf2M_s764000_e768000_chunk191,True
AVA_2fwni_Kjf2M_s768000_e772000_chunk192,True
AVA_2fwni_Kjf2M_s772000_e776000_chunk193,True
AVA_2fwni_Kjf2M_s776000_e780000_chunk194,True
AVA_2fwni_Kjf2M_s780000_e784000_chunk195,True
AVA_2fwni_Kjf2M_s784000_e788000_chunk196,True
AVA_2fwni_Kjf2M_s788000_e792000_chunk197,True
AVA_2fwni_Kjf2M_s792000_e796000_chunk198,True
AVA_2fwni_Kjf2M_s796000_e800000_chunk199,True
AVA_2fwni_Kjf2M_s800000_e804000_chunk200,True
AVA_2fwni_Kjf2M_s804000_e808000_chunk201,True
AVA_2fwni_Kjf2M_s808000_e812000_chunk202,True
AVA_2fwni_Kjf2M_s812000_e816000_chunk203,True
AVA_2fwni_Kjf2M_s816000_e820000_chunk204,True
AVA_2fwni_Kjf2M_s820000_e824000_chunk205,True
AVA_2fwni_Kjf2M_s824000_e828000_chunk206,True
AVA_2fwni_Kjf2M_s828000_e832000_chunk207,True
AVA_2fwni_Kjf2M_s832000_e836000_chunk208,True
AVA_2fwni_Kjf2M_s836000_e840000_chunk209,True
AVA_2fwni_Kjf2M_s840000_e844000_chunk210,True
AVA_2fwni_Kjf2M_s844000_e848000_chunk211,False
AVA_2fwni_Kjf2M_s848000_e852000_chunk212,True
AVA_2fwni_Kjf2M_s852000_e856000_chunk213,True
AVA_2fwni_Kjf2M_s856000_e860000_chunk214,True
AVA_2fwni_Kjf2M_s860000_e864000_chunk215,True
AVA_2fwni_Kjf2M_s864000_e868000_chunk216,True
AVA_2fwni_Kjf2M_s868000_e872000_chunk217,True
AVA_2fwni_Kjf2M_s872000_e876000_chunk218,True
AVA_2fwni_Kjf2M_s876000_e880000_chunk219,True
AVA_2fwni_Kjf2M_s880000_e884000_chunk220,True
AVA_2fwni_Kjf2M_s884000_e888000_chunk221,True
AVA_2fwni_Kjf2M_s888000_e892000_chunk222,True
AVA_2fwni_Kjf2M_s892000_e896000_chunk223,True
AVA_2fwni_Kjf2M_s896000_e900000_chunk224,True
AVA_2PpxiG0WU18_s0_e4000_chunk0,True
AVA_2PpxiG0WU18_s4000_e8000_chunk1,True
AVA_2PpxiG0WU18_s8000_e12000_chunk2,True
AVA_2PpxiG0WU18_s12000_e16000_chunk3,False
AVA_2PpxiG0WU18_s16000_e20000_chunk4,True
AVA_2PpxiG0WU18_s20000_e24000_chunk5,True
AVA_2PpxiG0WU18_s24000_e28000_chunk6,True
AVA_2PpxiG0WU18_s28000_e32000_chunk7,True
AVA_2PpxiG0WU18_s32000_e36000_chunk8,True
AVA_2PpxiG0WU18_s36000_e40000_chunk9,False
AVA_2PpxiG0WU18_s40000_e44000_chunk10,False
AVA_2PpxiG0WU18_s44000_e48000_chunk11,False
AVA_2PpxiG0WU18_s48000_e52000_chunk12,True
AVA_2PpxiG0WU18_s52000_e56000_chunk13,False
AVA_2PpxiG0WU18_s56000_e60000_chunk14,True
AVA_2PpxiG0WU18_s60000_e64000_chunk15,True
AVA_2PpxiG0WU18_s64000_e68000_chunk16,True
AVA_2PpxiG0WU18_s68000_e72000_chunk17,True
AVA_2PpxiG0WU18_s72000_e76000_chunk18,True
AVA_2PpxiG0WU18_s76000_e80000_chunk19,True
AVA_2PpxiG0WU18_s80000_e84000_chunk20,False
AVA_2PpxiG0WU18_s84000_e88000_chunk21,True
AVA_2PpxiG0WU18_s88000_e92000_chunk22,True
AVA_2PpxiG0WU18_s92000_e96000_chunk23,True
AVA_2PpxiG0WU18_s96000_e100000_chunk24,True
AVA_2PpxiG0WU18_s100000_e104000_chunk25,False
AVA_2PpxiG0WU18_s104000_e108000_chunk26,True
AVA_2PpxiG0WU18_s108000_e112000_chunk27,True
AVA_2PpxiG0WU18_s112000_e116000_chunk28,True
AVA_2PpxiG0WU18_s116000_e120000_chunk29,True
AVA_2PpxiG0WU18_s120000_e124000_chunk30,True
AVA_2PpxiG0WU18_s124000_e128000_chunk31,True
AVA_2PpxiG0WU18_s128000_e132000_chunk32,False
AVA_2PpxiG0WU18_s132000_e136000_chunk33,False
AVA_2PpxiG0WU18_s136000_e140000_chunk34,False
AVA_2PpxiG0WU18_s140000_e144000_chunk35,False
AVA_2PpxiG0WU18_s144000_e148000_chunk36,True
AVA_2PpxiG0WU18_s148000_e152000_chunk37,False
AVA_2PpxiG0WU18_s152000_e156000_chunk38,True
AVA_2PpxiG0WU18_s156000_e160000_chunk39,True
AVA_2PpxiG0WU18_s160000_e164000_chunk40,True
AVA_2PpxiG0WU18_s164000_e168000_chunk41,True
AVA_2PpxiG0WU18_s168000_e172000_chunk42,True
AVA_2PpxiG0WU18_s172000_e176000_chunk43,True
AVA_2PpxiG0WU18_s176000_e180000_chunk44,True
AVA_2PpxiG0WU18_s180000_e184000_chunk45,True
AVA_2PpxiG0WU18_s184000_e188000_chunk46,True
AVA_2PpxiG0WU18_s188000_e192000_chunk47,True
AVA_2PpxiG0WU18_s192000_e196000_chunk48,True
AVA_2PpxiG0WU18_s196000_e200000_chunk49,True
AVA_2PpxiG0WU18_s200000_e204000_chunk50,True
AVA_2PpxiG0WU18_s204000_e208000_chunk51,True
AVA_2PpxiG0WU18_s208000_e212000_chunk52,True
AVA_2PpxiG0WU18_s212000_e216000_chunk53,True
AVA_2PpxiG0WU18_s216000_e220000_chunk54,True
AVA_2PpxiG0WU18_s220000_e224000_chunk55,True
AVA_2PpxiG0WU18_s224000_e228000_chunk56,True
AVA_2PpxiG0WU18_s228000_e232000_chunk57,False
AVA_2PpxiG0WU18_s232000_e236000_chunk58,False
AVA_2PpxiG0WU18_s236000_e240000_chunk59,False
AVA_2PpxiG0WU18_s240000_e244000_chunk60,False
AVA_2PpxiG0WU18_s244000_e248000_chunk61,False
AVA_2PpxiG0WU18_s248000_e252000_chunk62,True
AVA_2PpxiG0WU18_s252000_e256000_chunk63,True
AVA_2PpxiG0WU18_s256000_e260000_chunk64,True
AVA_2PpxiG0WU18_s260000_e264000_chunk65,True
AVA_2PpxiG0WU18_s264000_e268000_chunk66,True
AVA_2PpxiG0WU18_s268000_e272000_chunk67,True
AVA_2PpxiG0WU18_s272000_e276000_chunk68,True
AVA_2PpxiG0WU18_s276000_e280000_chunk69,True
AVA_2PpxiG0WU18_s280000_e284000_chunk70,True
AVA_2PpxiG0WU18_s284000_e288000_chunk71,True
AVA_2PpxiG0WU18_s288000_e292000_chunk72,True
AVA_2PpxiG0WU18_s292000_e296000_chunk73,True
AVA_2PpxiG0WU18_s296000_e300000_chunk74,True
AVA_2PpxiG0WU18_s300000_e304000_chunk75,False
AVA_2PpxiG0WU18_s304000_e308000_chunk76,False
AVA_2PpxiG0WU18_s308000_e312000_chunk77,False
AVA_2PpxiG0WU18_s312000_e316000_chunk78,False
AVA_2PpxiG0WU18_s316000_e320000_chunk79,False
AVA_2PpxiG0WU18_s320000_e324000_chunk80,False
AVA_2PpxiG0WU18_s324000_e328000_chunk81,False
AVA_2PpxiG0WU18_s328000_e332000_chunk82,True
AVA_2PpxiG0WU18_s332000_e336000_chunk83,False
AVA_2PpxiG0WU18_s336000_e340000_chunk84,True
AVA_2PpxiG0WU18_s340000_e344000_chunk85,True
AVA_2PpxiG0WU18_s344000_e348000_chunk86,True
AVA_2PpxiG0WU18_s348000_e352000_chunk87,True
AVA_2PpxiG0WU18_s352000_e356000_chunk88,True
AVA_2PpxiG0WU18_s356000_e360000_chunk89,True
AVA_2PpxiG0WU18_s360000_e364000_chunk90,True
AVA_2PpxiG0WU18_s364000_e368000_chunk91,True
AVA_2PpxiG0WU18_s368000_e372000_chunk92,True
AVA_2PpxiG0WU18_s372000_e376000_chunk93,True
AVA_2PpxiG0WU18_s376000_e380000_chunk94,True
AVA_2PpxiG0WU18_s380000_e384000_chunk95,False
AVA_2PpxiG0WU18_s384000_e388000_chunk96,False
AVA_2PpxiG0WU18_s388000_e392000_chunk97,False
AVA_2PpxiG0WU18_s392000_e396000_chunk98,False
AVA_2PpxiG0WU18_s396000_e400000_chunk99,False
AVA_2PpxiG0WU18_s400000_e404000_chunk100,True
AVA_2PpxiG0WU18_s404000_e408000_chunk101,False
AVA_2PpxiG0WU18_s408000_e412000_chunk102,False
AVA_2PpxiG0WU18_s412000_e416000_chunk103,False
AVA_2PpxiG0WU18_s416000_e420000_chunk104,False
AVA_2PpxiG0WU18_s420000_e424000_chunk105,False
AVA_2PpxiG0WU18_s424000_e428000_chunk106,False
AVA_2PpxiG0WU18_s428000_e432000_chunk107,True
AVA_2PpxiG0WU18_s432000_e436000_chunk108,True
AVA_2PpxiG0WU18_s436000_e440000_chunk109,True
AVA_2PpxiG0WU18_s440000_e444000_chunk110,True
AVA_2PpxiG0WU18_s444000_e448000_chunk111,True
AVA_2PpxiG0WU18_s448000_e452000_chunk112,True
AVA_2PpxiG0WU18_s452000_e456000_chunk113,False
AVA_2PpxiG0WU18_s456000_e460000_chunk114,False
AVA_2PpxiG0WU18_s460000_e464000_chunk115,False
AVA_2PpxiG0WU18_s464000_e468000_chunk116,False
AVA_2PpxiG0WU18_s468000_e472000_chunk117,False
AVA_2PpxiG0WU18_s472000_e476000_chunk118,False
AVA_2PpxiG0WU18_s476000_e480000_chunk119,True
AVA_2PpxiG0WU18_s480000_e484000_chunk120,True
AVA_2PpxiG0WU18_s484000_e488000_chunk121,False
AVA_2PpxiG0WU18_s488000_e492000_chunk122,False
AVA_2PpxiG0WU18_s492000_e496000_chunk123,True
AVA_2PpxiG0WU18_s496000_e500000_chunk124,True
AVA_2PpxiG0WU18_s500000_e504000_chunk125,False
AVA_2PpxiG0WU18_s504000_e508000_chunk126,False
AVA_2PpxiG0WU18_s508000_e512000_chunk127,False
AVA_2PpxiG0WU18_s512000_e516000_chunk128,False
AVA_2PpxiG0WU18_s516000_e520000_chunk129,False
AVA_2PpxiG0WU18_s520000_e524000_chunk130,False
AVA_2PpxiG0WU18_s524000_e528000_chunk131,False
AVA_2PpxiG0WU18_s528000_e532000_chunk132,False
AVA_2PpxiG0WU18_s532000_e536000_chunk133,False
AVA_2PpxiG0WU18_s536000_e540000_chunk134,False
AVA_2PpxiG0WU18_s540000_e544000_chunk135,False
AVA_2PpxiG0WU18_s544000_e548000_chunk136,False
AVA_2PpxiG0WU18_s548000_e552000_chunk137,False
AVA_2PpxiG0WU18_s552000_e556000_chunk138,False
AVA_2PpxiG0WU18_s556000_e560000_chunk139,False
AVA_2PpxiG0WU18_s560000_e564000_chunk140,False
AVA_2PpxiG0WU18_s564000_e568000_chunk141,False
AVA_2PpxiG0WU18_s568000_e572000_chunk142,False
AVA_2PpxiG0WU18_s572000_e576000_chunk143,True
AVA_2PpxiG0WU18_s576000_e580000_chunk144,True
AVA_2PpxiG0WU18_s580000_e584000_chunk145,True
AVA_2PpxiG0WU18_s584000_e588000_chunk146,True
AVA_2PpxiG0WU18_s588000_e592000_chunk147,True
AVA_2PpxiG0WU18_s592000_e596000_chunk148,True
AVA_2PpxiG0WU18_s596000_e600000_chunk149,True
AVA_2PpxiG0WU18_s600000_e604000_chunk150,True
AVA_2PpxiG0WU18_s604000_e608000_chunk151,True
AVA_2PpxiG0WU18_s608000_e612000_chunk152,True
AVA_2PpxiG0WU18_s612000_e616000_chunk153,True
AVA_2PpxiG0WU18_s616000_e620000_chunk154,True
AVA_2PpxiG0WU18_s620000_e624000_chunk155,True
AVA_2PpxiG0WU18_s624000_e628000_chunk156,True
AVA_2PpxiG0WU18_s628000_e632000_chunk157,True
AVA_2PpxiG0WU18_s632000_e636000_chunk158,True
AVA_2PpxiG0WU18_s636000_e640000_chunk159,True
AVA_2PpxiG0WU18_s640000_e644000_chunk160,True
AVA_2PpxiG0WU18_s644000_e648000_chunk161,True
AVA_2PpxiG0WU18_s648000_e652000_chunk162,True
AVA_2PpxiG0WU18_s652000_e656000_chunk163,True
AVA_2PpxiG0WU18_s656000_e660000_chunk164,True
AVA_2PpxiG0WU18_s660000_e664000_chunk165,False
AVA_2PpxiG0WU18_s664000_e668000_chunk166,False
AVA_2PpxiG0WU18_s668000_e672000_chunk167,False
AVA_2PpxiG0WU18_s672000_e676000_chunk168,False
AVA_2PpxiG0WU18_s676000_e680000_chunk169,True
AVA_2PpxiG0WU18_s680000_e684000_chunk170,True
AVA_2PpxiG0WU18_s684000_e688000_chunk171,True
AVA_2PpxiG0WU18_s688000_e692000_chunk172,False
AVA_2PpxiG0WU18_s692000_e696000_chunk173,False
AVA_2PpxiG0WU18_s696000_e700000_chunk174,True
AVA_2PpxiG0WU18_s700000_e704000_chunk175,True
AVA_2PpxiG0WU18_s704000_e708000_chunk176,True
AVA_2PpxiG0WU18_s708000_e712000_chunk177,False
AVA_2PpxiG0WU18_s712000_e716000_chunk178,True
AVA_2PpxiG0WU18_s716000_e720000_chunk179,True
AVA_2PpxiG0WU18_s720000_e724000_chunk180,False
AVA_2PpxiG0WU18_s724000_e728000_chunk181,False
AVA_2PpxiG0WU18_s728000_e732000_chunk182,False
AVA_2PpxiG0WU18_s732000_e736000_chunk183,False
AVA_2PpxiG0WU18_s736000_e740000_chunk184,False
AVA_2PpxiG0WU18_s740000_e744000_chunk185,False
AVA_2PpxiG0WU18_s744000_e748000_chunk186,False
AVA_2PpxiG0WU18_s748000_e752000_chunk187,False
AVA_2PpxiG0WU18_s752000_e756000_chunk188,False
AVA_2PpxiG0WU18_s756000_e760000_chunk189,False
AVA_2PpxiG0WU18_s760000_e764000_chunk190,False
AVA_2PpxiG0WU18_s764000_e768000_chunk191,True
AVA_2PpxiG0WU18_s768000_e772000_chunk192,True
AVA_2PpxiG0WU18_s772000_e776000_chunk193,False
AVA_2PpxiG0WU18_s776000_e780000_chunk194,False
AVA_2PpxiG0WU18_s780000_e784000_chunk195,False
AVA_2PpxiG0WU18_s784000_e788000_chunk196,True
AVA_2PpxiG0WU18_s788000_e792000_chunk197,True
AVA_2PpxiG0WU18_s792000_e796000_chunk198,False
AVA_2PpxiG0WU18_s796000_e800000_chunk199,False
AVA_2PpxiG0WU18_s800000_e804000_chunk200,False
AVA_2PpxiG0WU18_s804000_e808000_chunk201,False
AVA_2PpxiG0WU18_s808000_e812000_chunk202,False
AVA_2PpxiG0WU18_s812000_e816000_chunk203,False
AVA_2PpxiG0WU18_s816000_e820000_chunk204,False
AVA_2PpxiG0WU18_s820000_e824000_chunk205,False
AVA_2PpxiG0WU18_s824000_e828000_chunk206,False
AVA_2PpxiG0WU18_s828000_e832000_chunk207,False
AVA_2PpxiG0WU18_s832000_e836000_chunk208,False
AVA_2PpxiG0WU18_s836000_e840000_chunk209,False
AVA_2PpxiG0WU18_s840000_e844000_chunk210,False
AVA_2PpxiG0WU18_s844000_e848000_chunk211,False
AVA_2PpxiG0WU18_s848000_e852000_chunk212,False
AVA_2PpxiG0WU18_s852000_e856000_chunk213,False
AVA_2PpxiG0WU18_s856000_e860000_chunk214,False
AVA_2PpxiG0WU18_s860000_e864000_chunk215,False
AVA_2PpxiG0WU18_s864000_e868000_chunk216,False
AVA_2PpxiG0WU18_s868000_e872000_chunk217,False
AVA_2PpxiG0WU18_s872000_e876000_chunk218,False
AVA_2PpxiG0WU18_s876000_e880000_chunk219,False
AVA_2PpxiG0WU18_s880000_e884000_chunk220,True
AVA_2PpxiG0WU18_s884000_e888000_chunk221,False
AVA_2PpxiG0WU18_s888000_e892000_chunk222,False
AVA_2PpxiG0WU18_s892000_e896000_chunk223,False
AVA_2PpxiG0WU18_s896000_e900000_chunk224,False
AVA_2qQs3Y9OJX0_s0_e4000_chunk0,True
AVA_2qQs3Y9OJX0_s4000_e8000_chunk1,True
AVA_2qQs3Y9OJX0_s8000_e12000_chunk2,True
AVA_2qQs3Y9OJX0_s12000_e16000_chunk3,True
AVA_2qQs3Y9OJX0_s16000_e20000_chunk4,True
AVA_2qQs3Y9OJX0_s20000_e24000_chunk5,True
AVA_2qQs3Y9OJX0_s24000_e28000_chunk6,True
AVA_2qQs3Y9OJX0_s28000_e32000_chunk7,True
AVA_2qQs3Y9OJX0_s32000_e36000_chunk8,True
AVA_2qQs3Y9OJX0_s36000_e40000_chunk9,True
AVA_2qQs3Y9OJX0_s40000_e44000_chunk10,True
AVA_2qQs3Y9OJX0_s44000_e48000_chunk11,True
AVA_2qQs3Y9OJX0_s48000_e52000_chunk12,True
AVA_2qQs3Y9OJX0_s52000_e56000_chunk13,True
AVA_2qQs3Y9OJX0_s56000_e60000_chunk14,True
AVA_2qQs3Y9OJX0_s60000_e64000_chunk15,True
AVA_2qQs3Y9OJX0_s64000_e68000_chunk16,True
AVA_2qQs3Y9OJX0_s68000_e72000_chunk17,True
AVA_2qQs3Y9OJX0_s72000_e76000_chunk18,True
AVA_2qQs3Y9OJX0_s76000_e80000_chunk19,True
AVA_2qQs3Y9OJX0_s80000_e84000_chunk20,True
AVA_2qQs3Y9OJX0_s84000_e88000_chunk21,True
AVA_2qQs3Y9OJX0_s88000_e92000_chunk22,True
AVA_2qQs3Y9OJX0_s92000_e96000_chunk23,True
AVA_2qQs3Y9OJX0_s96000_e100000_chunk24,True
AVA_2qQs3Y9OJX0_s100000_e104000_chunk25,True
AVA_2qQs3Y9OJX0_s104000_e108000_chunk26,True
AVA_2qQs3Y9OJX0_s108000_e112000_chunk27,False
AVA_2qQs3Y9OJX0_s112000_e116000_chunk28,True
AVA_2qQs3Y9OJX0_s116000_e120000_chunk29,True
AVA_2qQs3Y9OJX0_s120000_e124000_chunk30,True
AVA_2qQs3Y9OJX0_s124000_e128000_chunk31,True
AVA_2qQs3Y9OJX0_s128000_e132000_chunk32,True
AVA_2qQs3Y9OJX0_s132000_e136000_chunk33,True
AVA_2qQs3Y9OJX0_s136000_e140000_chunk34,True
AVA_2qQs3Y9OJX0_s140000_e144000_chunk35,False
AVA_2qQs3Y9OJX0_s144000_e148000_chunk36,False
AVA_2qQs3Y9OJX0_s148000_e152000_chunk37,False
AVA_2qQs3Y9OJX0_s152000_e156000_chunk38,False
AVA_2qQs3Y9OJX0_s156000_e160000_chunk39,False
AVA_2qQs3Y9OJX0_s160000_e164000_chunk40,False
AVA_2qQs3Y9OJX0_s164000_e168000_chunk41,True
AVA_2qQs3Y9OJX0_s168000_e172000_chunk42,True
AVA_2qQs3Y9OJX0_s172000_e176000_chunk43,True
AVA_2qQs3Y9OJX0_s176000_e180000_chunk44,False
AVA_2qQs3Y9OJX0_s180000_e184000_chunk45,False
AVA_2qQs3Y9OJX0_s184000_e188000_chunk46,False
AVA_2qQs3Y9OJX0_s188000_e192000_chunk47,True
AVA_2qQs3Y9OJX0_s192000_e196000_chunk48,True
AVA_2qQs3Y9OJX0_s196000_e200000_chunk49,True
AVA_2qQs3Y9OJX0_s200000_e204000_chunk50,True
AVA_2qQs3Y9OJX0_s204000_e208000_chunk51,True
AVA_2qQs3Y9OJX0_s208000_e212000_chunk52,True
AVA_2qQs3Y9OJX0_s212000_e216000_chunk53,True
AVA_2qQs3Y9OJX0_s216000_e220000_chunk54,True
AVA_2qQs3Y9OJX0_s220000_e224000_chunk55,True
AVA_2qQs3Y9OJX0_s224000_e228000_chunk56,False
AVA_2qQs3Y9OJX0_s228000_e232000_chunk57,True
AVA_2qQs3Y9OJX0_s232000_e236000_chunk58,True
AVA_2qQs3Y9OJX0_s236000_e240000_chunk59,False
AVA_2qQs3Y9OJX0_s240000_e244000_chunk60,False
AVA_2qQs3Y9OJX0_s244000_e248000_chunk61,True
AVA_2qQs3Y9OJX0_s248000_e252000_chunk62,False
AVA_2qQs3Y9OJX0_s252000_e256000_chunk63,False
AVA_2qQs3Y9OJX0_s256000_e260000_chunk64,False
AVA_2qQs3Y9OJX0_s260000_e264000_chunk65,False
AVA_2qQs3Y9OJX0_s264000_e268000_chunk66,True
AVA_2qQs3Y9OJX0_s268000_e272000_chunk67,False
AVA_2qQs3Y9OJX0_s272000_e276000_chunk68,False
AVA_2qQs3Y9OJX0_s276000_e280000_chunk69,False
AVA_2qQs3Y9OJX0_s280000_e284000_chunk70,True
AVA_2qQs3Y9OJX0_s284000_e288000_chunk71,True
AVA_2qQs3Y9OJX0_s288000_e292000_chunk72,True
AVA_2qQs3Y9OJX0_s292000_e296000_chunk73,False
AVA_2qQs3Y9OJX0_s296000_e300000_chunk74,True
AVA_2qQs3Y9OJX0_s300000_e304000_chunk75,True
AVA_2qQs3Y9OJX0_s304000_e308000_chunk76,True
AVA_2qQs3Y9OJX0_s308000_e312000_chunk77,True
AVA_2qQs3Y9OJX0_s312000_e316000_chunk78,True
AVA_2qQs3Y9OJX0_s316000_e320000_chunk79,True
AVA_2qQs3Y9OJX0_s320000_e324000_chunk80,False
AVA_2qQs3Y9OJX0_s324000_e328000_chunk81,True
AVA_2qQs3Y9OJX0_s328000_e332000_chunk82,True
AVA_2qQs3Y9OJX0_s332000_e336000_chunk83,False
AVA_2qQs3Y9OJX0_s336000_e340000_chunk84,False
AVA_2qQs3Y9OJX0_s340000_e344000_chunk85,True
AVA_2qQs3Y9OJX0_s344000_e348000_chunk86,True
AVA_2qQs3Y9OJX0_s348000_e352000_chunk87,False
AVA_2qQs3Y9OJX0_s352000_e356000_chunk88,True
AVA_2qQs3Y9OJX0_s356000_e360000_chunk89,False
AVA_2qQs3Y9OJX0_s360000_e364000_chunk90,True
AVA_2qQs3Y9OJX0_s364000_e368000_chunk91,True
AVA_2qQs3Y9OJX0_s368000_e372000_chunk92,True
AVA_2qQs3Y9OJX0_s372000_e376000_chunk93,True
AVA_2qQs3Y9OJX0_s376000_e380000_chunk94,True
AVA_2qQs3Y9OJX0_s380000_e384000_chunk95,True
AVA_2qQs3Y9OJX0_s384000_e388000_chunk96,True
AVA_2qQs3Y9OJX0_s388000_e392000_chunk97,True
AVA_2qQs3Y9OJX0_s392000_e396000_chunk98,True
AVA_2qQs3Y9OJX0_s396000_e400000_chunk99,True
AVA_2qQs3Y9OJX0_s400000_e404000_chunk100,True
AVA_2qQs3Y9OJX0_s404000_e408000_chunk101,True
AVA_2qQs3Y9OJX0_s408000_e412000_chunk102,True
AVA_2qQs3Y9OJX0_s412000_e416000_chunk103,True
AVA_2qQs3Y9OJX0_s416000_e420000_chunk104,True
AVA_2qQs3Y9OJX0_s420000_e424000_chunk105,False
AVA_2qQs3Y9OJX0_s424000_e428000_chunk106,True
AVA_2qQs3Y9OJX0_s428000_e432000_chunk107,True
AVA_2qQs3Y9OJX0_s432000_e436000_chunk108,True
AVA_2qQs3Y9OJX0_s436000_e440000_chunk109,False
AVA_2qQs3Y9OJX0_s440000_e444000_chunk110,False
AVA_2qQs3Y9OJX0_s444000_e448000_chunk111,False
AVA_2qQs3Y9OJX0_s448000_e452000_chunk112,True
AVA_2qQs3Y9OJX0_s452000_e456000_chunk113,True
AVA_2qQs3Y9OJX0_s456000_e460000_chunk114,True
AVA_2qQs3Y9OJX0_s460000_e464000_chunk115,True
AVA_2qQs3Y9OJX0_s464000_e468000_chunk116,True
AVA_2qQs3Y9OJX0_s468000_e472000_chunk117,True
AVA_2qQs3Y9OJX0_s472000_e476000_chunk118,True
AVA_2qQs3Y9OJX0_s476000_e480000_chunk119,True
AVA_2qQs3Y9OJX0_s480000_e484000_chunk120,True
AVA_2qQs3Y9OJX0_s484000_e488000_chunk121,True
AVA_2qQs3Y9OJX0_s488000_e492000_chunk122,True
AVA_2qQs3Y9OJX0_s492000_e496000_chunk123,True
AVA_2qQs3Y9OJX0_s496000_e500000_chunk124,True
AVA_2qQs3Y9OJX0_s500000_e504000_chunk125,True
AVA_2qQs3Y9OJX0_s504000_e508000_chunk126,True
AVA_2qQs3Y9OJX0_s508000_e512000_chunk127,False
AVA_2qQs3Y9OJX0_s512000_e516000_chunk128,False
AVA_2qQs3Y9OJX0_s516000_e520000_chunk129,True
AVA_2qQs3Y9OJX0_s520000_e524000_chunk130,True
AVA_2qQs3Y9OJX0_s524000_e528000_chunk131,False
AVA_2qQs3Y9OJX0_s528000_e532000_chunk132,True
AVA_2qQs3Y9OJX0_s532000_e536000_chunk133,True
AVA_2qQs3Y9OJX0_s536000_e540000_chunk134,True
AVA_2qQs3Y9OJX0_s540000_e544000_chunk135,True
AVA_2qQs3Y9OJX0_s544000_e548000_chunk136,True
AVA_2qQs3Y9OJX0_s548000_e552000_chunk137,True
AVA_2qQs3Y9OJX0_s552000_e556000_chunk138,True
AVA_2qQs3Y9OJX0_s556000_e560000_chunk139,True
AVA_2qQs3Y9OJX0_s560000_e564000_chunk140,True
AVA_2qQs3Y9OJX0_s564000_e568000_chunk141,True
AVA_2qQs3Y9OJX0_s568000_e572000_chunk142,True
AVA_2qQs3Y9OJX0_s572000_e576000_chunk143,False
AVA_2qQs3Y9OJX0_s576000_e580000_chunk144,True
AVA_2qQs3Y9OJX0_s580000_e584000_chunk145,True
AVA_2qQs3Y9OJX0_s584000_e588000_chunk146,True
AVA_2qQs3Y9OJX0_s588000_e592000_chunk147,True
AVA_2qQs3Y9OJX0_s592000_e596000_chunk148,True
AVA_2qQs3Y9OJX0_s596000_e600000_chunk149,True
AVA_2qQs3Y9OJX0_s600000_e604000_chunk150,True
AVA_2qQs3Y9OJX0_s604000_e608000_chunk151,True
AVA_2qQs3Y9OJX0_s608000_e612000_chunk152,True
AVA_2qQs3Y9OJX0_s612000_e616000_chunk153,True
AVA_2qQs3Y9OJX0_s616000_e620000_chunk154,True
AVA_2qQs3Y9OJX0_s620000_e624000_chunk155,True
AVA_2qQs3Y9OJX0_s624000_e628000_chunk156,True
AVA_2qQs3Y9OJX0_s628000_e632000_chunk157,True
AVA_2qQs3Y9OJX0_s632000_e636000_chunk158,True
AVA_2qQs3Y9OJX0_s636000_e640000_chunk159,True
AVA_2qQs3Y9OJX0_s640000_e644000_chunk160,True
AVA_2qQs3Y9OJX0_s644000_e648000_chunk161,True
AVA_2qQs3Y9OJX0_s648000_e652000_chunk162,False
AVA_2qQs3Y9OJX0_s652000_e656000_chunk163,True
AVA_2qQs3Y9OJX0_s656000_e660000_chunk164,True
AVA_2qQs3Y9OJX0_s660000_e664000_chunk165,True
AVA_2qQs3Y9OJX0_s664000_e668000_chunk166,True
AVA_2qQs3Y9OJX0_s668000_e672000_chunk167,True
AVA_2qQs3Y9OJX0_s672000_e676000_chunk168,True
AVA_2qQs3Y9OJX0_s676000_e680000_chunk169,True
AVA_2qQs3Y9OJX0_s680000_e684000_chunk170,True
AVA_2qQs3Y9OJX0_s684000_e688000_chunk171,True
AVA_2qQs3Y9OJX0_s688000_e692000_chunk172,True
AVA_2qQs3Y9OJX0_s692000_e696000_chunk173,True
AVA_2qQs3Y9OJX0_s696000_e700000_chunk174,True
AVA_2qQs3Y9OJX0_s700000_e704000_chunk175,True
AVA_2qQs3Y9OJX0_s704000_e708000_chunk176,True
AVA_2qQs3Y9OJX0_s708000_e712000_chunk177,True
AVA_2qQs3Y9OJX0_s712000_e716000_chunk178,True
AVA_2qQs3Y9OJX0_s716000_e720000_chunk179,True
AVA_2qQs3Y9OJX0_s720000_e724000_chunk180,True
AVA_2qQs3Y9OJX0_s724000_e728000_chunk181,True
AVA_2qQs3Y9OJX0_s728000_e732000_chunk182,True
AVA_2qQs3Y9OJX0_s732000_e736000_chunk183,True
AVA_2qQs3Y9OJX0_s736000_e740000_chunk184,True
AVA_2qQs3Y9OJX0_s740000_e744000_chunk185,True
AVA_2qQs3Y9OJX0_s744000_e748000_chunk186,True
AVA_2qQs3Y9OJX0_s748000_e752000_chunk187,True
AVA_2qQs3Y9OJX0_s752000_e756000_chunk188,False
AVA_2qQs3Y9OJX0_s756000_e760000_chunk189,False
AVA_2qQs3Y9OJX0_s760000_e764000_chunk190,False
AVA_2qQs3Y9OJX0_s764000_e768000_chunk191,True
AVA_2qQs3Y9OJX0_s768000_e772000_chunk192,True
AVA_2qQs3Y9OJX0_s772000_e776000_chunk193,True
AVA_2qQs3Y9OJX0_s776000_e780000_chunk194,True
AVA_2qQs3Y9OJX0_s780000_e784000_chunk195,True
AVA_2qQs3Y9OJX0_s784000_e788000_chunk196,True
AVA_2qQs3Y9OJX0_s788000_e792000_chunk197,True
AVA_2qQs3Y9OJX0_s792000_e796000_chunk198,True
AVA_2qQs3Y9OJX0_s796000_e800000_chunk199,True
AVA_2qQs3Y9OJX0_s800000_e804000_chunk200,True
AVA_2qQs3Y9OJX0_s804000_e808000_chunk201,True
AVA_2qQs3Y9OJX0_s808000_e812000_chunk202,True
AVA_2qQs3Y9OJX0_s812000_e816000_chunk203,True
AVA_2qQs3Y9OJX0_s816000_e820000_chunk204,True
AVA_2qQs3Y9OJX0_s820000_e824000_chunk205,True
AVA_2qQs3Y9OJX0_s824000_e828000_chunk206,True
AVA_2qQs3Y9OJX0_s828000_e832000_chunk207,True
AVA_2qQs3Y9OJX0_s832000_e836000_chunk208,True
AVA_2qQs3Y9OJX0_s836000_e840000_chunk209,True
AVA_2qQs3Y9OJX0_s840000_e844000_chunk210,True
AVA_2qQs3Y9OJX0_s844000_e848000_chunk211,True
AVA_2qQs3Y9OJX0_s848000_e852000_chunk212,True
AVA_2qQs3Y9OJX0_s852000_e856000_chunk213,True
AVA_2qQs3Y9OJX0_s856000_e860000_chunk214,True
AVA_2qQs3Y9OJX0_s860000_e864000_chunk215,True
AVA_2qQs3Y9OJX0_s864000_e868000_chunk216,True
AVA_2qQs3Y9OJX0_s868000_e872000_chunk217,True
AVA_2qQs3Y9OJX0_s872000_e876000_chunk218,True
AVA_2qQs3Y9OJX0_s876000_e880000_chunk219,True
AVA_2qQs3Y9OJX0_s880000_e884000_chunk220,True
AVA_2qQs3Y9OJX0_s884000_e888000_chunk221,True
AVA_2qQs3Y9OJX0_s888000_e892000_chunk222,True
AVA_2qQs3Y9OJX0_s892000_e896000_chunk223,True
AVA_2qQs3Y9OJX0_s896000_e900000_chunk224,True
AVA_2XeFK-DTSZk_s0_e4000_chunk0,False
AVA_2XeFK-DTSZk_s4000_e8000_chunk1,False
AVA_2XeFK-DTSZk_s8000_e12000_chunk2,True
AVA_2XeFK-DTSZk_s12000_e16000_chunk3,True
AVA_2XeFK-DTSZk_s16000_e20000_chunk4,True
AVA_2XeFK-DTSZk_s20000_e24000_chunk5,True
AVA_2XeFK-DTSZk_s24000_e28000_chunk6,True
AVA_2XeFK-DTSZk_s28000_e32000_chunk7,True
AVA_2XeFK-DTSZk_s32000_e36000_chunk8,True
AVA_2XeFK-DTSZk_s36000_e40000_chunk9,True
AVA_2XeFK-DTSZk_s40000_e44000_chunk10,False
AVA_2XeFK-DTSZk_s44000_e48000_chunk11,False
AVA_2XeFK-DTSZk_s48000_e52000_chunk12,True
AVA_2XeFK-DTSZk_s52000_e56000_chunk13,True
AVA_2XeFK-DTSZk_s56000_e60000_chunk14,False
AVA_2XeFK-DTSZk_s60000_e64000_chunk15,True
AVA_2XeFK-DTSZk_s64000_e68000_chunk16,True
AVA_2XeFK-DTSZk_s68000_e72000_chunk17,True
AVA_2XeFK-DTSZk_s72000_e76000_chunk18,True
AVA_2XeFK-DTSZk_s76000_e80000_chunk19,True
AVA_2XeFK-DTSZk_s80000_e84000_chunk20,True
AVA_2XeFK-DTSZk_s84000_e88000_chunk21,True
AVA_2XeFK-DTSZk_s88000_e92000_chunk22,True
AVA_2XeFK-DTSZk_s92000_e96000_chunk23,True
AVA_2XeFK-DTSZk_s96000_e100000_chunk24,True
AVA_2XeFK-DTSZk_s100000_e104000_chunk25,True
AVA_2XeFK-DTSZk_s104000_e108000_chunk26,True
AVA_2XeFK-DTSZk_s108000_e112000_chunk27,False
AVA_2XeFK-DTSZk_s112000_e116000_chunk28,True
AVA_2XeFK-DTSZk_s116000_e120000_chunk29,True
AVA_2XeFK-DTSZk_s120000_e124000_chunk30,True
AVA_2XeFK-DTSZk_s124000_e128000_chunk31,True
AVA_2XeFK-DTSZk_s128000_e132000_chunk32,True
AVA_2XeFK-DTSZk_s132000_e136000_chunk33,True
AVA_2XeFK-DTSZk_s136000_e140000_chunk34,True
AVA_2XeFK-DTSZk_s140000_e144000_chunk35,True
AVA_2XeFK-DTSZk_s144000_e148000_chunk36,True
AVA_2XeFK-DTSZk_s148000_e152000_chunk37,False
AVA_2XeFK-DTSZk_s152000_e156000_chunk38,True
AVA_2XeFK-DTSZk_s156000_e160000_chunk39,True
AVA_2XeFK-DTSZk_s160000_e164000_chunk40,True
AVA_2XeFK-DTSZk_s164000_e168000_chunk41,True
AVA_2XeFK-DTSZk_s168000_e172000_chunk42,False
AVA_2XeFK-DTSZk_s172000_e176000_chunk43,True
AVA_2XeFK-DTSZk_s176000_e180000_chunk44,True
AVA_2XeFK-DTSZk_s180000_e184000_chunk45,True
AVA_2XeFK-DTSZk_s184000_e188000_chunk46,True
AVA_2XeFK-DTSZk_s188000_e192000_chunk47,False
AVA_2XeFK-DTSZk_s192000_e196000_chunk48,False
AVA_2XeFK-DTSZk_s196000_e200000_chunk49,False
AVA_2XeFK-DTSZk_s200000_e204000_chunk50,False
AVA_2XeFK-DTSZk_s204000_e208000_chunk51,False
AVA_2XeFK-DTSZk_s208000_e212000_chunk52,False
AVA_2XeFK-DTSZk_s212000_e216000_chunk53,True
AVA_2XeFK-DTSZk_s216000_e220000_chunk54,True
AVA_2XeFK-DTSZk_s220000_e224000_chunk55,True
AVA_2XeFK-DTSZk_s224000_e228000_chunk56,False
AVA_2XeFK-DTSZk_s228000_e232000_chunk57,True
AVA_2XeFK-DTSZk_s232000_e236000_chunk58,False
AVA_2XeFK-DTSZk_s236000_e240000_chunk59,True
AVA_2XeFK-DTSZk_s240000_e244000_chunk60,True
AVA_2XeFK-DTSZk_s244000_e248000_chunk61,True
AVA_2XeFK-DTSZk_s248000_e252000_chunk62,True
AVA_2XeFK-DTSZk_s252000_e256000_chunk63,True
AVA_2XeFK-DTSZk_s256000_e260000_chunk64,True
AVA_2XeFK-DTSZk_s260000_e264000_chunk65,True
AVA_2XeFK-DTSZk_s264000_e268000_chunk66,False
AVA_2XeFK-DTSZk_s268000_e272000_chunk67,False
AVA_2XeFK-DTSZk_s272000_e276000_chunk68,False
AVA_2XeFK-DTSZk_s276000_e280000_chunk69,True
AVA_2XeFK-DTSZk_s280000_e284000_chunk70,True
AVA_2XeFK-DTSZk_s284000_e288000_chunk71,True
AVA_2XeFK-DTSZk_s288000_e292000_chunk72,False
AVA_2XeFK-DTSZk_s292000_e296000_chunk73,True
AVA_2XeFK-DTSZk_s296000_e300000_chunk74,True
AVA_2XeFK-DTSZk_s300000_e304000_chunk75,True
AVA_2XeFK-DTSZk_s304000_e308000_chunk76,True
AVA_2XeFK-DTSZk_s308000_e312000_chunk77,False
AVA_2XeFK-DTSZk_s312000_e316000_chunk78,True
AVA_2XeFK-DTSZk_s316000_e320000_chunk79,False
AVA_2XeFK-DTSZk_s320000_e324000_chunk80,False
AVA_2XeFK-DTSZk_s324000_e328000_chunk81,True
AVA_2XeFK-DTSZk_s328000_e332000_chunk82,False
AVA_2XeFK-DTSZk_s332000_e336000_chunk83,True
AVA_2XeFK-DTSZk_s336000_e340000_chunk84,False
AVA_2XeFK-DTSZk_s340000_e344000_chunk85,False
AVA_2XeFK-DTSZk_s344000_e348000_chunk86,False
AVA_2XeFK-DTSZk_s348000_e352000_chunk87,False
AVA_2XeFK-DTSZk_s352000_e356000_chunk88,True
AVA_2XeFK-DTSZk_s356000_e360000_chunk89,False
AVA_2XeFK-DTSZk_s360000_e364000_chunk90,True
AVA_2XeFK-DTSZk_s364000_e368000_chunk91,True
AVA_2XeFK-DTSZk_s368000_e372000_chunk92,True
AVA_2XeFK-DTSZk_s372000_e376000_chunk93,True
AVA_2XeFK-DTSZk_s376000_e380000_chunk94,True
AVA_2XeFK-DTSZk_s380000_e384000_chunk95,True
AVA_2XeFK-DTSZk_s384000_e388000_chunk96,True
AVA_2XeFK-DTSZk_s388000_e392000_chunk97,True
AVA_2XeFK-DTSZk_s392000_e396000_chunk98,True
AVA_2XeFK-DTSZk_s396000_e400000_chunk99,True
AVA_2XeFK-DTSZk_s400000_e404000_chunk100,True
AVA_2XeFK-DTSZk_s404000_e408000_chunk101,True
AVA_2XeFK-DTSZk_s408000_e412000_chunk102,True
AVA_2XeFK-DTSZk_s412000_e416000_chunk103,True
AVA_2XeFK-DTSZk_s416000_e420000_chunk104,True
AVA_2XeFK-DTSZk_s420000_e424000_chunk105,True
AVA_2XeFK-DTSZk_s424000_e428000_chunk106,True
AVA_2XeFK-DTSZk_s428000_e432000_chunk107,False
AVA_2XeFK-DTSZk_s432000_e436000_chunk108,False
AVA_2XeFK-DTSZk_s436000_e440000_chunk109,False
AVA_2XeFK-DTSZk_s440000_e444000_chunk110,False
AVA_2XeFK-DTSZk_s444000_e448000_chunk111,False
AVA_2XeFK-DTSZk_s448000_e452000_chunk112,False
AVA_2XeFK-DTSZk_s452000_e456000_chunk113,False
AVA_2XeFK-DTSZk_s456000_e460000_chunk114,False
AVA_2XeFK-DTSZk_s460000_e464000_chunk115,False
AVA_2XeFK-DTSZk_s464000_e468000_chunk116,False
AVA_2XeFK-DTSZk_s468000_e472000_chunk117,False
AVA_2XeFK-DTSZk_s472000_e476000_chunk118,False
AVA_2XeFK-DTSZk_s476000_e480000_chunk119,False
AVA_2XeFK-DTSZk_s480000_e484000_chunk120,False
AVA_2XeFK-DTSZk_s484000_e488000_chunk121,False
AVA_2XeFK-DTSZk_s488000_e492000_chunk122,False
AVA_2XeFK-DTSZk_s492000_e496000_chunk123,False
AVA_2XeFK-DTSZk_s496000_e500000_chunk124,False
AVA_2XeFK-DTSZk_s500000_e504000_chunk125,False
AVA_2XeFK-DTSZk_s504000_e508000_chunk126,False
AVA_2XeFK-DTSZk_s508000_e512000_chunk127,False
AVA_2XeFK-DTSZk_s512000_e516000_chunk128,False
AVA_2XeFK-DTSZk_s516000_e520000_chunk129,False
AVA_2XeFK-DTSZk_s520000_e524000_chunk130,False
AVA_2XeFK-DTSZk_s524000_e528000_chunk131,True
AVA_2XeFK-DTSZk_s528000_e532000_chunk132,False
AVA_2XeFK-DTSZk_s532000_e536000_chunk133,False
AVA_2XeFK-DTSZk_s536000_e540000_chunk134,False
AVA_2XeFK-DTSZk_s540000_e544000_chunk135,False
AVA_2XeFK-DTSZk_s544000_e548000_chunk136,False
AVA_2XeFK-DTSZk_s548000_e552000_chunk137,False
AVA_2XeFK-DTSZk_s552000_e556000_chunk138,False
AVA_2XeFK-DTSZk_s556000_e560000_chunk139,False
AVA_2XeFK-DTSZk_s560000_e564000_chunk140,True
AVA_2XeFK-DTSZk_s564000_e568000_chunk141,True
AVA_2XeFK-DTSZk_s568000_e572000_chunk142,True
AVA_2XeFK-DTSZk_s572000_e576000_chunk143,True
AVA_2XeFK-DTSZk_s576000_e580000_chunk144,False
AVA_2XeFK-DTSZk_s580000_e584000_chunk145,True
AVA_2XeFK-DTSZk_s584000_e588000_chunk146,True
AVA_2XeFK-DTSZk_s588000_e592000_chunk147,True
AVA_2XeFK-DTSZk_s592000_e596000_chunk148,True
AVA_2XeFK-DTSZk_s596000_e600000_chunk149,False
AVA_2XeFK-DTSZk_s600000_e604000_chunk150,False
AVA_2XeFK-DTSZk_s604000_e608000_chunk151,False
AVA_2XeFK-DTSZk_s608000_e612000_chunk152,False
AVA_2XeFK-DTSZk_s612000_e616000_chunk153,False
AVA_2XeFK-DTSZk_s616000_e620000_chunk154,True
AVA_2XeFK-DTSZk_s620000_e624000_chunk155,True
AVA_2XeFK-DTSZk_s624000_e628000_chunk156,True
AVA_2XeFK-DTSZk_s628000_e632000_chunk157,True
AVA_2XeFK-DTSZk_s632000_e636000_chunk158,True
AVA_2XeFK-DTSZk_s636000_e640000_chunk159,True
AVA_2XeFK-DTSZk_s640000_e644000_chunk160,True
AVA_2XeFK-DTSZk_s644000_e648000_chunk161,True
AVA_2XeFK-DTSZk_s648000_e652000_chunk162,True
AVA_2XeFK-DTSZk_s652000_e656000_chunk163,False
AVA_2XeFK-DTSZk_s656000_e660000_chunk164,True
AVA_2XeFK-DTSZk_s660000_e664000_chunk165,False
AVA_2XeFK-DTSZk_s664000_e668000_chunk166,False
AVA_2XeFK-DTSZk_s668000_e672000_chunk167,False
AVA_2XeFK-DTSZk_s672000_e676000_chunk168,False
AVA_2XeFK-DTSZk_s676000_e680000_chunk169,False
AVA_2XeFK-DTSZk_s680000_e684000_chunk170,False
AVA_2XeFK-DTSZk_s684000_e688000_chunk171,True
AVA_2XeFK-DTSZk_s688000_e692000_chunk172,False
AVA_2XeFK-DTSZk_s692000_e696000_chunk173,False
AVA_2XeFK-DTSZk_s696000_e700000_chunk174,False
AVA_2XeFK-DTSZk_s700000_e704000_chunk175,False
AVA_2XeFK-DTSZk_s704000_e708000_chunk176,False
AVA_2XeFK-DTSZk_s708000_e712000_chunk177,False
AVA_2XeFK-DTSZk_s712000_e716000_chunk178,False
AVA_2XeFK-DTSZk_s716000_e720000_chunk179,True
AVA_2XeFK-DTSZk_s720000_e724000_chunk180,True
AVA_2XeFK-DTSZk_s724000_e728000_chunk181,True
AVA_2XeFK-DTSZk_s728000_e732000_chunk182,True
AVA_2XeFK-DTSZk_s732000_e736000_chunk183,True
AVA_2XeFK-DTSZk_s736000_e740000_chunk184,True
AVA_2XeFK-DTSZk_s740000_e744000_chunk185,True
AVA_2XeFK-DTSZk_s744000_e748000_chunk186,True
AVA_2XeFK-DTSZk_s748000_e752000_chunk187,True
AVA_2XeFK-DTSZk_s752000_e756000_chunk188,True
AVA_2XeFK-DTSZk_s756000_e760000_chunk189,False
AVA_2XeFK-DTSZk_s760000_e764000_chunk190,False
AVA_2XeFK-DTSZk_s764000_e768000_chunk191,False
AVA_2XeFK-DTSZk_s768000_e772000_chunk192,False
AVA_2XeFK-DTSZk_s772000_e776000_chunk193,True
AVA_2XeFK-DTSZk_s776000_e780000_chunk194,False
AVA_2XeFK-DTSZk_s780000_e784000_chunk195,False
AVA_2XeFK-DTSZk_s784000_e788000_chunk196,False
AVA_2XeFK-DTSZk_s788000_e792000_chunk197,True
AVA_2XeFK-DTSZk_s792000_e796000_chunk198,True
AVA_2XeFK-DTSZk_s796000_e800000_chunk199,True
AVA_2XeFK-DTSZk_s800000_e804000_chunk200,True
AVA_2XeFK-DTSZk_s804000_e808000_chunk201,True
AVA_2XeFK-DTSZk_s808000_e812000_chunk202,False
AVA_2XeFK-DTSZk_s812000_e816000_chunk203,False
AVA_2XeFK-DTSZk_s816000_e820000_chunk204,False
AVA_2XeFK-DTSZk_s820000_e824000_chunk205,False
AVA_2XeFK-DTSZk_s824000_e828000_chunk206,False
AVA_2XeFK-DTSZk_s828000_e832000_chunk207,False
AVA_2XeFK-DTSZk_s832000_e836000_chunk208,False
AVA_2XeFK-DTSZk_s836000_e840000_chunk209,False
AVA_2XeFK-DTSZk_s840000_e844000_chunk210,False
AVA_2XeFK-DTSZk_s844000_e848000_chunk211,False
AVA_2XeFK-DTSZk_s848000_e852000_chunk212,True
AVA_2XeFK-DTSZk_s852000_e856000_chunk213,True
AVA_2XeFK-DTSZk_s856000_e860000_chunk214,False
AVA_2XeFK-DTSZk_s860000_e864000_chunk215,False
AVA_2XeFK-DTSZk_s864000_e868000_chunk216,True
AVA_2XeFK-DTSZk_s868000_e872000_chunk217,False
AVA_2XeFK-DTSZk_s872000_e876000_chunk218,False
AVA_2XeFK-DTSZk_s876000_e880000_chunk219,False
AVA_2XeFK-DTSZk_s880000_e884000_chunk220,False
AVA_2XeFK-DTSZk_s884000_e888000_chunk221,False
AVA_2XeFK-DTSZk_s888000_e892000_chunk222,False
AVA_2XeFK-DTSZk_s892000_e896000_chunk223,False
AVA_2XeFK-DTSZk_s896000_e900000_chunk224,False
AVA_32HR3MnDZ8g_s0_e4000_chunk0,True
AVA_32HR3MnDZ8g_s4000_e8000_chunk1,True
AVA_32HR3MnDZ8g_s8000_e12000_chunk2,True
AVA_32HR3MnDZ8g_s12000_e16000_chunk3,True
AVA_32HR3MnDZ8g_s16000_e20000_chunk4,True
AVA_32HR3MnDZ8g_s20000_e24000_chunk5,True
AVA_32HR3MnDZ8g_s24000_e28000_chunk6,True
AVA_32HR3MnDZ8g_s28000_e32000_chunk7,True
AVA_32HR3MnDZ8g_s32000_e36000_chunk8,True
AVA_32HR3MnDZ8g_s36000_e40000_chunk9,True
AVA_32HR3MnDZ8g_s40000_e44000_chunk10,True
AVA_32HR3MnDZ8g_s44000_e48000_chunk11,False
AVA_32HR3MnDZ8g_s48000_e52000_chunk12,True
AVA_32HR3MnDZ8g_s52000_e56000_chunk13,False
AVA_32HR3MnDZ8g_s56000_e60000_chunk14,False
AVA_32HR3MnDZ8g_s60000_e64000_chunk15,False
AVA_32HR3MnDZ8g_s64000_e68000_chunk16,False
AVA_32HR3MnDZ8g_s68000_e72000_chunk17,False
AVA_32HR3MnDZ8g_s72000_e76000_chunk18,True
AVA_32HR3MnDZ8g_s76000_e80000_chunk19,True
AVA_32HR3MnDZ8g_s80000_e84000_chunk20,True
AVA_32HR3MnDZ8g_s84000_e88000_chunk21,False
AVA_32HR3MnDZ8g_s88000_e92000_chunk22,True
AVA_32HR3MnDZ8g_s92000_e96000_chunk23,True
AVA_32HR3MnDZ8g_s96000_e100000_chunk24,True
AVA_32HR3MnDZ8g_s100000_e104000_chunk25,True
AVA_32HR3MnDZ8g_s104000_e108000_chunk26,True
AVA_32HR3MnDZ8g_s108000_e112000_chunk27,False
AVA_32HR3MnDZ8g_s112000_e116000_chunk28,True
AVA_32HR3MnDZ8g_s116000_e120000_chunk29,True
AVA_32HR3MnDZ8g_s120000_e124000_chunk30,True
AVA_32HR3MnDZ8g_s124000_e128000_chunk31,True
AVA_32HR3MnDZ8g_s128000_e132000_chunk32,True
AVA_32HR3MnDZ8g_s132000_e136000_chunk33,False
AVA_32HR3MnDZ8g_s136000_e140000_chunk34,True
AVA_32HR3MnDZ8g_s140000_e144000_chunk35,False
AVA_32HR3MnDZ8g_s144000_e148000_chunk36,True
AVA_32HR3MnDZ8g_s148000_e152000_chunk37,True
AVA_32HR3MnDZ8g_s152000_e156000_chunk38,True
AVA_32HR3MnDZ8g_s156000_e160000_chunk39,True
AVA_32HR3MnDZ8g_s160000_e164000_chunk40,True
AVA_32HR3MnDZ8g_s164000_e168000_chunk41,True
AVA_32HR3MnDZ8g_s168000_e172000_chunk42,True
AVA_32HR3MnDZ8g_s172000_e176000_chunk43,True
AVA_32HR3MnDZ8g_s176000_e180000_chunk44,True
AVA_32HR3MnDZ8g_s180000_e184000_chunk45,True
AVA_32HR3MnDZ8g_s184000_e188000_chunk46,True
AVA_32HR3MnDZ8g_s188000_e192000_chunk47,True
AVA_32HR3MnDZ8g_s192000_e196000_chunk48,True
AVA_32HR3MnDZ8g_s196000_e200000_chunk49,True
AVA_32HR3MnDZ8g_s200000_e204000_chunk50,True
AVA_32HR3MnDZ8g_s204000_e208000_chunk51,True
AVA_32HR3MnDZ8g_s208000_e212000_chunk52,True
AVA_32HR3MnDZ8g_s212000_e216000_chunk53,True
AVA_32HR3MnDZ8g_s216000_e220000_chunk54,True
AVA_32HR3MnDZ8g_s220000_e224000_chunk55,True
AVA_32HR3MnDZ8g_s224000_e228000_chunk56,True
AVA_32HR3MnDZ8g_s228000_e232000_chunk57,True
AVA_32HR3MnDZ8g_s232000_e236000_chunk58,True
AVA_32HR3MnDZ8g_s236000_e240000_chunk59,True
AVA_32HR3MnDZ8g_s240000_e244000_chunk60,True
AVA_32HR3MnDZ8g_s244000_e248000_chunk61,True
AVA_32HR3MnDZ8g_s248000_e252000_chunk62,True
AVA_32HR3MnDZ8g_s252000_e256000_chunk63,True
AVA_32HR3MnDZ8g_s256000_e260000_chunk64,True
AVA_32HR3MnDZ8g_s260000_e264000_chunk65,True
AVA_32HR3MnDZ8g_s264000_e268000_chunk66,True
AVA_32HR3MnDZ8g_s268000_e272000_chunk67,True
AVA_32HR3MnDZ8g_s272000_e276000_chunk68,True
AVA_32HR3MnDZ8g_s276000_e280000_chunk69,True
AVA_32HR3MnDZ8g_s280000_e284000_chunk70,True
AVA_32HR3MnDZ8g_s284000_e288000_chunk71,True
AVA_32HR3MnDZ8g_s288000_e292000_chunk72,True
AVA_32HR3MnDZ8g_s292000_e296000_chunk73,True
AVA_32HR3MnDZ8g_s296000_e300000_chunk74,True
AVA_32HR3MnDZ8g_s300000_e304000_chunk75,True
AVA_32HR3MnDZ8g_s304000_e308000_chunk76,True
AVA_32HR3MnDZ8g_s308000_e312000_chunk77,True
AVA_32HR3MnDZ8g_s312000_e316000_chunk78,True
AVA_32HR3MnDZ8g_s316000_e320000_chunk79,True
AVA_32HR3MnDZ8g_s320000_e324000_chunk80,True
AVA_32HR3MnDZ8g_s324000_e328000_chunk81,True
AVA_32HR3MnDZ8g_s328000_e332000_chunk82,True
AVA_32HR3MnDZ8g_s332000_e336000_chunk83,True
AVA_32HR3MnDZ8g_s336000_e340000_chunk84,True
AVA_32HR3MnDZ8g_s340000_e344000_chunk85,True
AVA_32HR3MnDZ8g_s344000_e348000_chunk86,True
AVA_32HR3MnDZ8g_s348000_e352000_chunk87,False
AVA_32HR3MnDZ8g_s352000_e356000_chunk88,False
AVA_32HR3MnDZ8g_s356000_e360000_chunk89,True
AVA_32HR3MnDZ8g_s360000_e364000_chunk90,True
AVA_32HR3MnDZ8g_s364000_e368000_chunk91,True
AVA_32HR3MnDZ8g_s368000_e372000_chunk92,True
AVA_32HR3MnDZ8g_s372000_e376000_chunk93,True
AVA_32HR3MnDZ8g_s376000_e380000_chunk94,True
AVA_32HR3MnDZ8g_s380000_e384000_chunk95,True
AVA_32HR3MnDZ8g_s384000_e388000_chunk96,True
AVA_32HR3MnDZ8g_s388000_e392000_chunk97,True
AVA_32HR3MnDZ8g_s392000_e396000_chunk98,True
AVA_32HR3MnDZ8g_s396000_e400000_chunk99,True
AVA_32HR3MnDZ8g_s400000_e404000_chunk100,False
AVA_32HR3MnDZ8g_s404000_e408000_chunk101,False
AVA_32HR3MnDZ8g_s408000_e412000_chunk102,False
AVA_32HR3MnDZ8g_s412000_e416000_chunk103,False
AVA_32HR3MnDZ8g_s416000_e420000_chunk104,False
AVA_32HR3MnDZ8g_s420000_e424000_chunk105,True
AVA_32HR3MnDZ8g_s424000_e428000_chunk106,True
AVA_32HR3MnDZ8g_s428000_e432000_chunk107,True
AVA_32HR3MnDZ8g_s432000_e436000_chunk108,True
AVA_32HR3MnDZ8g_s436000_e440000_chunk109,True
AVA_32HR3MnDZ8g_s440000_e444000_chunk110,True
AVA_32HR3MnDZ8g_s444000_e448000_chunk111,True
AVA_32HR3MnDZ8g_s448000_e452000_chunk112,True
AVA_32HR3MnDZ8g_s452000_e456000_chunk113,True
AVA_32HR3MnDZ8g_s456000_e460000_chunk114,True
AVA_32HR3MnDZ8g_s460000_e464000_chunk115,True
AVA_32HR3MnDZ8g_s464000_e468000_chunk116,True
AVA_32HR3MnDZ8g_s468000_e472000_chunk117,True
AVA_32HR3MnDZ8g_s472000_e476000_chunk118,True
AVA_32HR3MnDZ8g_s476000_e480000_chunk119,True
AVA_32HR3MnDZ8g_s480000_e484000_chunk120,False
AVA_32HR3MnDZ8g_s484000_e488000_chunk121,False
AVA_32HR3MnDZ8g_s488000_e492000_chunk122,True
AVA_32HR3MnDZ8g_s492000_e496000_chunk123,True
AVA_32HR3MnDZ8g_s496000_e500000_chunk124,True
AVA_32HR3MnDZ8g_s500000_e504000_chunk125,True
AVA_32HR3MnDZ8g_s504000_e508000_chunk126,True
AVA_32HR3MnDZ8g_s508000_e512000_chunk127,True
AVA_32HR3MnDZ8g_s512000_e516000_chunk128,True
AVA_32HR3MnDZ8g_s516000_e520000_chunk129,True
AVA_32HR3MnDZ8g_s520000_e524000_chunk130,True
AVA_32HR3MnDZ8g_s524000_e528000_chunk131,True
AVA_32HR3MnDZ8g_s528000_e532000_chunk132,True
AVA_32HR3MnDZ8g_s532000_e536000_chunk133,False
AVA_32HR3MnDZ8g_s536000_e540000_chunk134,True
AVA_32HR3MnDZ8g_s540000_e544000_chunk135,True
AVA_32HR3MnDZ8g_s544000_e548000_chunk136,True
AVA_32HR3MnDZ8g_s548000_e552000_chunk137,True
AVA_32HR3MnDZ8g_s552000_e556000_chunk138,True
AVA_32HR3MnDZ8g_s556000_e560000_chunk139,True
AVA_32HR3MnDZ8g_s560000_e564000_chunk140,True
AVA_32HR3MnDZ8g_s564000_e568000_chunk141,True
AVA_32HR3MnDZ8g_s568000_e572000_chunk142,True
AVA_32HR3MnDZ8g_s572000_e576000_chunk143,True
AVA_32HR3MnDZ8g_s576000_e580000_chunk144,True
AVA_32HR3MnDZ8g_s580000_e584000_chunk145,True
AVA_32HR3MnDZ8g_s584000_e588000_chunk146,True
AVA_32HR3MnDZ8g_s588000_e592000_chunk147,True
AVA_32HR3MnDZ8g_s592000_e596000_chunk148,True
AVA_32HR3MnDZ8g_s596000_e600000_chunk149,True
AVA_32HR3MnDZ8g_s600000_e604000_chunk150,True
AVA_32HR3MnDZ8g_s604000_e608000_chunk151,True
AVA_32HR3MnDZ8g_s608000_e612000_chunk152,True
AVA_32HR3MnDZ8g_s612000_e616000_chunk153,True
AVA_32HR3MnDZ8g_s616000_e620000_chunk154,True
AVA_32HR3MnDZ8g_s620000_e624000_chunk155,True
AVA_32HR3MnDZ8g_s624000_e628000_chunk156,True
AVA_32HR3MnDZ8g_s628000_e632000_chunk157,False
AVA_32HR3MnDZ8g_s632000_e636000_chunk158,False
AVA_32HR3MnDZ8g_s636000_e640000_chunk159,True
AVA_32HR3MnDZ8g_s640000_e644000_chunk160,True
AVA_32HR3MnDZ8g_s644000_e648000_chunk161,True
AVA_32HR3MnDZ8g_s648000_e652000_chunk162,False
AVA_32HR3MnDZ8g_s652000_e656000_chunk163,False
AVA_32HR3MnDZ8g_s656000_e660000_chunk164,False
AVA_32HR3MnDZ8g_s660000_e664000_chunk165,False
AVA_32HR3MnDZ8g_s664000_e668000_chunk166,True
AVA_32HR3MnDZ8g_s668000_e672000_chunk167,False
AVA_32HR3MnDZ8g_s672000_e676000_chunk168,False
AVA_32HR3MnDZ8g_s676000_e680000_chunk169,False
AVA_32HR3MnDZ8g_s680000_e684000_chunk170,True
AVA_32HR3MnDZ8g_s684000_e688000_chunk171,False
AVA_32HR3MnDZ8g_s688000_e692000_chunk172,True
AVA_32HR3MnDZ8g_s692000_e696000_chunk173,True
AVA_32HR3MnDZ8g_s696000_e700000_chunk174,True
AVA_32HR3MnDZ8g_s700000_e704000_chunk175,False
AVA_32HR3MnDZ8g_s704000_e708000_chunk176,False
AVA_32HR3MnDZ8g_s708000_e712000_chunk177,True
AVA_32HR3MnDZ8g_s712000_e716000_chunk178,True
AVA_32HR3MnDZ8g_s716000_e720000_chunk179,True
AVA_32HR3MnDZ8g_s720000_e724000_chunk180,True
AVA_32HR3MnDZ8g_s724000_e728000_chunk181,True
AVA_32HR3MnDZ8g_s728000_e732000_chunk182,False
AVA_32HR3MnDZ8g_s732000_e736000_chunk183,False
AVA_32HR3MnDZ8g_s736000_e740000_chunk184,False
AVA_32HR3MnDZ8g_s740000_e744000_chunk185,False
AVA_32HR3MnDZ8g_s744000_e748000_chunk186,True
AVA_32HR3MnDZ8g_s748000_e752000_chunk187,True
AVA_32HR3MnDZ8g_s752000_e756000_chunk188,True
AVA_32HR3MnDZ8g_s756000_e760000_chunk189,True
AVA_32HR3MnDZ8g_s760000_e764000_chunk190,False
AVA_32HR3MnDZ8g_s764000_e768000_chunk191,False
AVA_32HR3MnDZ8g_s768000_e772000_chunk192,True
AVA_32HR3MnDZ8g_s772000_e776000_chunk193,True
AVA_32HR3MnDZ8g_s776000_e780000_chunk194,True
AVA_32HR3MnDZ8g_s780000_e784000_chunk195,True
AVA_32HR3MnDZ8g_s784000_e788000_chunk196,False
AVA_32HR3MnDZ8g_s788000_e792000_chunk197,False
AVA_32HR3MnDZ8g_s792000_e796000_chunk198,False
AVA_32HR3MnDZ8g_s796000_e800000_chunk199,False
AVA_32HR3MnDZ8g_s800000_e804000_chunk200,False
AVA_32HR3MnDZ8g_s804000_e808000_chunk201,False
AVA_32HR3MnDZ8g_s808000_e812000_chunk202,True
AVA_32HR3MnDZ8g_s812000_e816000_chunk203,True
AVA_32HR3MnDZ8g_s816000_e820000_chunk204,False
AVA_32HR3MnDZ8g_s820000_e824000_chunk205,False
AVA_32HR3MnDZ8g_s824000_e828000_chunk206,False
AVA_32HR3MnDZ8g_s828000_e832000_chunk207,False
AVA_32HR3MnDZ8g_s832000_e836000_chunk208,True
AVA_32HR3MnDZ8g_s836000_e840000_chunk209,True
AVA_32HR3MnDZ8g_s840000_e844000_chunk210,True
AVA_32HR3MnDZ8g_s844000_e848000_chunk211,False
AVA_32HR3MnDZ8g_s848000_e852000_chunk212,False
AVA_32HR3MnDZ8g_s852000_e856000_chunk213,False
AVA_32HR3MnDZ8g_s856000_e860000_chunk214,False
AVA_32HR3MnDZ8g_s860000_e864000_chunk215,False
AVA_32HR3MnDZ8g_s864000_e868000_chunk216,False
AVA_32HR3MnDZ8g_s868000_e872000_chunk217,False
AVA_32HR3MnDZ8g_s872000_e876000_chunk218,True
AVA_32HR3MnDZ8g_s876000_e880000_chunk219,True
AVA_32HR3MnDZ8g_s880000_e884000_chunk220,False
AVA_32HR3MnDZ8g_s884000_e888000_chunk221,False
AVA_32HR3MnDZ8g_s888000_e892000_chunk222,False
AVA_32HR3MnDZ8g_s892000_e896000_chunk223,False
AVA_32HR3MnDZ8g_s896000_e900000_chunk224,True
AVA_4gVsDd8PV9U_s0_e4000_chunk0,True
AVA_4gVsDd8PV9U_s4000_e8000_chunk1,True
AVA_4gVsDd8PV9U_s8000_e12000_chunk2,True
AVA_4gVsDd8PV9U_s12000_e16000_chunk3,True
AVA_4gVsDd8PV9U_s16000_e20000_chunk4,True
AVA_4gVsDd8PV9U_s20000_e24000_chunk5,True
AVA_4gVsDd8PV9U_s24000_e28000_chunk6,True
AVA_4gVsDd8PV9U_s28000_e32000_chunk7,True
AVA_4gVsDd8PV9U_s32000_e36000_chunk8,True
AVA_4gVsDd8PV9U_s36000_e40000_chunk9,True
AVA_4gVsDd8PV9U_s40000_e44000_chunk10,False
AVA_4gVsDd8PV9U_s44000_e48000_chunk11,False
AVA_4gVsDd8PV9U_s48000_e52000_chunk12,False
AVA_4gVsDd8PV9U_s52000_e56000_chunk13,False
AVA_4gVsDd8PV9U_s56000_e60000_chunk14,False
AVA_4gVsDd8PV9U_s60000_e64000_chunk15,False
AVA_4gVsDd8PV9U_s64000_e68000_chunk16,False
AVA_4gVsDd8PV9U_s68000_e72000_chunk17,False
AVA_4gVsDd8PV9U_s72000_e76000_chunk18,False
AVA_4gVsDd8PV9U_s76000_e80000_chunk19,False
AVA_4gVsDd8PV9U_s80000_e84000_chunk20,False
AVA_4gVsDd8PV9U_s84000_e88000_chunk21,True
AVA_4gVsDd8PV9U_s88000_e92000_chunk22,True
AVA_4gVsDd8PV9U_s92000_e96000_chunk23,True
AVA_4gVsDd8PV9U_s96000_e100000_chunk24,True
AVA_4gVsDd8PV9U_s100000_e104000_chunk25,True
AVA_4gVsDd8PV9U_s104000_e108000_chunk26,True
AVA_4gVsDd8PV9U_s108000_e112000_chunk27,True
AVA_4gVsDd8PV9U_s112000_e116000_chunk28,True
AVA_4gVsDd8PV9U_s116000_e120000_chunk29,True
AVA_4gVsDd8PV9U_s120000_e124000_chunk30,True
AVA_4gVsDd8PV9U_s124000_e128000_chunk31,True
AVA_4gVsDd8PV9U_s128000_e132000_chunk32,True
AVA_4gVsDd8PV9U_s132000_e136000_chunk33,True
AVA_4gVsDd8PV9U_s136000_e140000_chunk34,True
AVA_4gVsDd8PV9U_s140000_e144000_chunk35,True
AVA_4gVsDd8PV9U_s144000_e148000_chunk36,True
AVA_4gVsDd8PV9U_s148000_e152000_chunk37,False
AVA_4gVsDd8PV9U_s152000_e156000_chunk38,False
AVA_4gVsDd8PV9U_s156000_e160000_chunk39,False
AVA_4gVsDd8PV9U_s160000_e164000_chunk40,False
AVA_4gVsDd8PV9U_s164000_e168000_chunk41,False
AVA_4gVsDd8PV9U_s168000_e172000_chunk42,False
AVA_4gVsDd8PV9U_s172000_e176000_chunk43,True
AVA_4gVsDd8PV9U_s176000_e180000_chunk44,True
AVA_4gVsDd8PV9U_s180000_e184000_chunk45,False
AVA_4gVsDd8PV9U_s184000_e188000_chunk46,False
AVA_4gVsDd8PV9U_s188000_e192000_chunk47,True
AVA_4gVsDd8PV9U_s192000_e196000_chunk48,True
AVA_4gVsDd8PV9U_s196000_e200000_chunk49,True
AVA_4gVsDd8PV9U_s200000_e204000_chunk50,True
AVA_4gVsDd8PV9U_s204000_e208000_chunk51,True
AVA_4gVsDd8PV9U_s208000_e212000_chunk52,True
AVA_4gVsDd8PV9U_s212000_e216000_chunk53,True
AVA_4gVsDd8PV9U_s216000_e220000_chunk54,True
AVA_4gVsDd8PV9U_s220000_e224000_chunk55,True
AVA_4gVsDd8PV9U_s224000_e228000_chunk56,False
AVA_4gVsDd8PV9U_s228000_e232000_chunk57,False
AVA_4gVsDd8PV9U_s232000_e236000_chunk58,False
AVA_4gVsDd8PV9U_s236000_e240000_chunk59,True
AVA_4gVsDd8PV9U_s240000_e244000_chunk60,True
AVA_4gVsDd8PV9U_s244000_e248000_chunk61,True
AVA_4gVsDd8PV9U_s248000_e252000_chunk62,True
AVA_4gVsDd8PV9U_s252000_e256000_chunk63,True
AVA_4gVsDd8PV9U_s256000_e260000_chunk64,True
AVA_4gVsDd8PV9U_s260000_e264000_chunk65,True
AVA_4gVsDd8PV9U_s264000_e268000_chunk66,True
AVA_4gVsDd8PV9U_s268000_e272000_chunk67,True
AVA_4gVsDd8PV9U_s272000_e276000_chunk68,True
AVA_4gVsDd8PV9U_s276000_e280000_chunk69,True
AVA_4gVsDd8PV9U_s280000_e284000_chunk70,True
AVA_4gVsDd8PV9U_s284000_e288000_chunk71,True
AVA_4gVsDd8PV9U_s288000_e292000_chunk72,False
AVA_4gVsDd8PV9U_s292000_e296000_chunk73,False
AVA_4gVsDd8PV9U_s296000_e300000_chunk74,False
AVA_4gVsDd8PV9U_s300000_e304000_chunk75,False
AVA_4gVsDd8PV9U_s304000_e308000_chunk76,False
AVA_4gVsDd8PV9U_s308000_e312000_chunk77,True
AVA_4gVsDd8PV9U_s312000_e316000_chunk78,True
AVA_4gVsDd8PV9U_s316000_e320000_chunk79,True
AVA_4gVsDd8PV9U_s320000_e324000_chunk80,True
AVA_4gVsDd8PV9U_s324000_e328000_chunk81,True
AVA_4gVsDd8PV9U_s328000_e332000_chunk82,True
AVA_4gVsDd8PV9U_s332000_e336000_chunk83,True
AVA_4gVsDd8PV9U_s336000_e340000_chunk84,True
AVA_4gVsDd8PV9U_s340000_e344000_chunk85,True
AVA_4gVsDd8PV9U_s344000_e348000_chunk86,True
AVA_4gVsDd8PV9U_s348000_e352000_chunk87,True
AVA_4gVsDd8PV9U_s352000_e356000_chunk88,True
AVA_4gVsDd8PV9U_s356000_e360000_chunk89,True
AVA_4gVsDd8PV9U_s360000_e364000_chunk90,True
AVA_4gVsDd8PV9U_s364000_e368000_chunk91,True
AVA_4gVsDd8PV9U_s368000_e372000_chunk92,True
AVA_4gVsDd8PV9U_s372000_e376000_chunk93,False
AVA_4gVsDd8PV9U_s376000_e380000_chunk94,False
AVA_4gVsDd8PV9U_s380000_e384000_chunk95,False
AVA_4gVsDd8PV9U_s384000_e388000_chunk96,False
AVA_4gVsDd8PV9U_s388000_e392000_chunk97,False
AVA_4gVsDd8PV9U_s392000_e396000_chunk98,True
AVA_4gVsDd8PV9U_s396000_e400000_chunk99,True
AVA_4gVsDd8PV9U_s400000_e404000_chunk100,False
AVA_4gVsDd8PV9U_s404000_e408000_chunk101,True
AVA_4gVsDd8PV9U_s408000_e412000_chunk102,False
AVA_4gVsDd8PV9U_s412000_e416000_chunk103,False
AVA_4gVsDd8PV9U_s416000_e420000_chunk104,True
AVA_4gVsDd8PV9U_s420000_e424000_chunk105,True
AVA_4gVsDd8PV9U_s424000_e428000_chunk106,True
AVA_4gVsDd8PV9U_s428000_e432000_chunk107,True
AVA_4gVsDd8PV9U_s432000_e436000_chunk108,True
AVA_4gVsDd8PV9U_s436000_e440000_chunk109,True
AVA_4gVsDd8PV9U_s440000_e444000_chunk110,True
AVA_4gVsDd8PV9U_s444000_e448000_chunk111,False
AVA_4gVsDd8PV9U_s448000_e452000_chunk112,False
AVA_4gVsDd8PV9U_s452000_e456000_chunk113,False
AVA_4gVsDd8PV9U_s456000_e460000_chunk114,False
AVA_4gVsDd8PV9U_s460000_e464000_chunk115,False
AVA_4gVsDd8PV9U_s464000_e468000_chunk116,True
AVA_4gVsDd8PV9U_s468000_e472000_chunk117,False
AVA_4gVsDd8PV9U_s472000_e476000_chunk118,False
AVA_4gVsDd8PV9U_s476000_e480000_chunk119,False
AVA_4gVsDd8PV9U_s480000_e484000_chunk120,False
AVA_4gVsDd8PV9U_s484000_e488000_chunk121,True
AVA_4gVsDd8PV9U_s488000_e492000_chunk122,True
AVA_4gVsDd8PV9U_s492000_e496000_chunk123,False
AVA_4gVsDd8PV9U_s496000_e500000_chunk124,False
AVA_4gVsDd8PV9U_s500000_e504000_chunk125,False
AVA_4gVsDd8PV9U_s504000_e508000_chunk126,False
AVA_4gVsDd8PV9U_s508000_e512000_chunk127,False
AVA_4gVsDd8PV9U_s512000_e516000_chunk128,True
AVA_4gVsDd8PV9U_s516000_e520000_chunk129,True
AVA_4gVsDd8PV9U_s520000_e524000_chunk130,False
AVA_4gVsDd8PV9U_s524000_e528000_chunk131,False
AVA_4gVsDd8PV9U_s528000_e532000_chunk132,False
AVA_4gVsDd8PV9U_s532000_e536000_chunk133,False
AVA_4gVsDd8PV9U_s536000_e540000_chunk134,False
AVA_4gVsDd8PV9U_s540000_e544000_chunk135,False
AVA_4gVsDd8PV9U_s544000_e548000_chunk136,True
AVA_4gVsDd8PV9U_s548000_e552000_chunk137,True
AVA_4gVsDd8PV9U_s552000_e556000_chunk138,True
AVA_4gVsDd8PV9U_s556000_e560000_chunk139,False
AVA_4gVsDd8PV9U_s560000_e564000_chunk140,False
AVA_4gVsDd8PV9U_s564000_e568000_chunk141,False
AVA_4gVsDd8PV9U_s568000_e572000_chunk142,False
AVA_4gVsDd8PV9U_s572000_e576000_chunk143,False
AVA_4gVsDd8PV9U_s576000_e580000_chunk144,False
AVA_4gVsDd8PV9U_s580000_e584000_chunk145,False
AVA_4gVsDd8PV9U_s584000_e588000_chunk146,True
AVA_4gVsDd8PV9U_s588000_e592000_chunk147,True
AVA_4gVsDd8PV9U_s592000_e596000_chunk148,True
AVA_4gVsDd8PV9U_s596000_e600000_chunk149,True
AVA_4gVsDd8PV9U_s600000_e604000_chunk150,True
AVA_4gVsDd8PV9U_s604000_e608000_chunk151,True
AVA_4gVsDd8PV9U_s608000_e612000_chunk152,True
AVA_4gVsDd8PV9U_s612000_e616000_chunk153,True
AVA_4gVsDd8PV9U_s616000_e620000_chunk154,True
AVA_4gVsDd8PV9U_s620000_e624000_chunk155,True
AVA_4gVsDd8PV9U_s624000_e628000_chunk156,True
AVA_4gVsDd8PV9U_s628000_e632000_chunk157,True
AVA_4gVsDd8PV9U_s632000_e636000_chunk158,True
AVA_4gVsDd8PV9U_s636000_e640000_chunk159,True
AVA_4gVsDd8PV9U_s640000_e644000_chunk160,True
AVA_4gVsDd8PV9U_s644000_e648000_chunk161,True
AVA_4gVsDd8PV9U_s648000_e652000_chunk162,True
AVA_4gVsDd8PV9U_s652000_e656000_chunk163,False
AVA_4gVsDd8PV9U_s656000_e660000_chunk164,False
AVA_4gVsDd8PV9U_s660000_e664000_chunk165,False
AVA_4gVsDd8PV9U_s664000_e668000_chunk166,False
AVA_4gVsDd8PV9U_s668000_e672000_chunk167,False
AVA_4gVsDd8PV9U_s672000_e676000_chunk168,False
AVA_4gVsDd8PV9U_s676000_e680000_chunk169,False
AVA_4gVsDd8PV9U_s680000_e684000_chunk170,True
AVA_4gVsDd8PV9U_s684000_e688000_chunk171,True
AVA_4gVsDd8PV9U_s688000_e692000_chunk172,False
AVA_4gVsDd8PV9U_s692000_e696000_chunk173,False
AVA_4gVsDd8PV9U_s696000_e700000_chunk174,False
AVA_4gVsDd8PV9U_s700000_e704000_chunk175,False
AVA_4gVsDd8PV9U_s704000_e708000_chunk176,False
AVA_4gVsDd8PV9U_s708000_e712000_chunk177,False
AVA_4gVsDd8PV9U_s712000_e716000_chunk178,False
AVA_4gVsDd8PV9U_s716000_e720000_chunk179,False
AVA_4gVsDd8PV9U_s720000_e724000_chunk180,False
AVA_4gVsDd8PV9U_s724000_e728000_chunk181,False
AVA_4gVsDd8PV9U_s728000_e732000_chunk182,False
AVA_4gVsDd8PV9U_s732000_e736000_chunk183,False
AVA_4gVsDd8PV9U_s736000_e740000_chunk184,False
AVA_4gVsDd8PV9U_s740000_e744000_chunk185,True
AVA_4gVsDd8PV9U_s744000_e748000_chunk186,True
AVA_4gVsDd8PV9U_s748000_e752000_chunk187,True
AVA_4gVsDd8PV9U_s752000_e756000_chunk188,True
AVA_4gVsDd8PV9U_s756000_e760000_chunk189,False
AVA_4gVsDd8PV9U_s760000_e764000_chunk190,False
AVA_4gVsDd8PV9U_s764000_e768000_chunk191,False
AVA_4gVsDd8PV9U_s768000_e772000_chunk192,False
AVA_4gVsDd8PV9U_s772000_e776000_chunk193,False
AVA_4gVsDd8PV9U_s776000_e780000_chunk194,False
AVA_4gVsDd8PV9U_s780000_e784000_chunk195,False
AVA_4gVsDd8PV9U_s784000_e788000_chunk196,False
AVA_4gVsDd8PV9U_s788000_e792000_chunk197,False
AVA_4gVsDd8PV9U_s792000_e796000_chunk198,False
AVA_4gVsDd8PV9U_s796000_e800000_chunk199,False
AVA_4gVsDd8PV9U_s800000_e804000_chunk200,False
AVA_4gVsDd8PV9U_s804000_e808000_chunk201,False
AVA_4gVsDd8PV9U_s808000_e812000_chunk202,False
AVA_4gVsDd8PV9U_s812000_e816000_chunk203,False
AVA_4gVsDd8PV9U_s816000_e820000_chunk204,False
AVA_4gVsDd8PV9U_s820000_e824000_chunk205,True
AVA_4gVsDd8PV9U_s824000_e828000_chunk206,False
AVA_4gVsDd8PV9U_s828000_e832000_chunk207,False
AVA_4gVsDd8PV9U_s832000_e836000_chunk208,False
AVA_4gVsDd8PV9U_s836000_e840000_chunk209,False
AVA_4gVsDd8PV9U_s840000_e844000_chunk210,False
AVA_4gVsDd8PV9U_s844000_e848000_chunk211,False
AVA_4gVsDd8PV9U_s848000_e852000_chunk212,False
AVA_4gVsDd8PV9U_s852000_e856000_chunk213,False
AVA_4gVsDd8PV9U_s856000_e860000_chunk214,False
AVA_4gVsDd8PV9U_s860000_e864000_chunk215,False
AVA_4gVsDd8PV9U_s864000_e868000_chunk216,False
AVA_4gVsDd8PV9U_s868000_e872000_chunk217,False
AVA_4gVsDd8PV9U_s872000_e876000_chunk218,False
AVA_4gVsDd8PV9U_s876000_e880000_chunk219,False
AVA_4gVsDd8PV9U_s880000_e884000_chunk220,False
AVA_4gVsDd8PV9U_s884000_e888000_chunk221,False
AVA_4gVsDd8PV9U_s888000_e892000_chunk222,False
AVA_4gVsDd8PV9U_s892000_e896000_chunk223,False
AVA_4gVsDd8PV9U_s896000_e900000_chunk224,False
AVA_4ZpjKfu6Cl8_s0_e4000_chunk0,True
AVA_4ZpjKfu6Cl8_s4000_e8000_chunk1,True
AVA_4ZpjKfu6Cl8_s8000_e12000_chunk2,True
AVA_4ZpjKfu6Cl8_s12000_e16000_chunk3,True
AVA_4ZpjKfu6Cl8_s16000_e20000_chunk4,True
AVA_4ZpjKfu6Cl8_s20000_e24000_chunk5,True
AVA_4ZpjKfu6Cl8_s24000_e28000_chunk6,True
AVA_4ZpjKfu6Cl8_s28000_e32000_chunk7,True
AVA_4ZpjKfu6Cl8_s32000_e36000_chunk8,True
AVA_4ZpjKfu6Cl8_s36000_e40000_chunk9,False
AVA_4ZpjKfu6Cl8_s40000_e44000_chunk10,True
AVA_4ZpjKfu6Cl8_s44000_e48000_chunk11,True
AVA_4ZpjKfu6Cl8_s48000_e52000_chunk12,True
AVA_4ZpjKfu6Cl8_s52000_e56000_chunk13,True
AVA_4ZpjKfu6Cl8_s56000_e60000_chunk14,True
AVA_4ZpjKfu6Cl8_s60000_e64000_chunk15,True
AVA_4ZpjKfu6Cl8_s64000_e68000_chunk16,True
AVA_4ZpjKfu6Cl8_s68000_e72000_chunk17,True
AVA_4ZpjKfu6Cl8_s72000_e76000_chunk18,True
AVA_4ZpjKfu6Cl8_s76000_e80000_chunk19,True
AVA_4ZpjKfu6Cl8_s80000_e84000_chunk20,True
AVA_4ZpjKfu6Cl8_s84000_e88000_chunk21,True
AVA_4ZpjKfu6Cl8_s88000_e92000_chunk22,True
AVA_4ZpjKfu6Cl8_s92000_e96000_chunk23,True
AVA_4ZpjKfu6Cl8_s96000_e100000_chunk24,False
AVA_4ZpjKfu6Cl8_s100000_e104000_chunk25,False
AVA_4ZpjKfu6Cl8_s104000_e108000_chunk26,False
AVA_4ZpjKfu6Cl8_s108000_e112000_chunk27,False
AVA_4ZpjKfu6Cl8_s112000_e116000_chunk28,False
AVA_4ZpjKfu6Cl8_s116000_e120000_chunk29,False
AVA_4ZpjKfu6Cl8_s120000_e124000_chunk30,False
AVA_4ZpjKfu6Cl8_s124000_e128000_chunk31,False
AVA_4ZpjKfu6Cl8_s128000_e132000_chunk32,False
AVA_4ZpjKfu6Cl8_s132000_e136000_chunk33,False
AVA_4ZpjKfu6Cl8_s136000_e140000_chunk34,False
AVA_4ZpjKfu6Cl8_s140000_e144000_chunk35,True
AVA_4ZpjKfu6Cl8_s144000_e148000_chunk36,True
AVA_4ZpjKfu6Cl8_s148000_e152000_chunk37,True
AVA_4ZpjKfu6Cl8_s152000_e156000_chunk38,True
AVA_4ZpjKfu6Cl8_s156000_e160000_chunk39,False
AVA_4ZpjKfu6Cl8_s160000_e164000_chunk40,False
AVA_4ZpjKfu6Cl8_s164000_e168000_chunk41,False
AVA_4ZpjKfu6Cl8_s168000_e172000_chunk42,False
AVA_4ZpjKfu6Cl8_s172000_e176000_chunk43,True
AVA_4ZpjKfu6Cl8_s176000_e180000_chunk44,True
AVA_4ZpjKfu6Cl8_s180000_e184000_chunk45,True
AVA_4ZpjKfu6Cl8_s184000_e188000_chunk46,True
AVA_4ZpjKfu6Cl8_s188000_e192000_chunk47,True
AVA_4ZpjKfu6Cl8_s192000_e196000_chunk48,True
AVA_4ZpjKfu6Cl8_s196000_e200000_chunk49,True
AVA_4ZpjKfu6Cl8_s200000_e204000_chunk50,True
AVA_4ZpjKfu6Cl8_s204000_e208000_chunk51,True
AVA_4ZpjKfu6Cl8_s208000_e212000_chunk52,True
AVA_4ZpjKfu6Cl8_s212000_e216000_chunk53,True
AVA_4ZpjKfu6Cl8_s216000_e220000_chunk54,True
AVA_4ZpjKfu6Cl8_s220000_e224000_chunk55,True
AVA_4ZpjKfu6Cl8_s224000_e228000_chunk56,True
AVA_4ZpjKfu6Cl8_s228000_e232000_chunk57,True
AVA_4ZpjKfu6Cl8_s232000_e236000_chunk58,True
AVA_4ZpjKfu6Cl8_s236000_e240000_chunk59,True
AVA_4ZpjKfu6Cl8_s240000_e244000_chunk60,True
AVA_4ZpjKfu6Cl8_s244000_e248000_chunk61,True
AVA_4ZpjKfu6Cl8_s248000_e252000_chunk62,True
AVA_4ZpjKfu6Cl8_s252000_e256000_chunk63,True
AVA_4ZpjKfu6Cl8_s256000_e260000_chunk64,False
AVA_4ZpjKfu6Cl8_s260000_e264000_chunk65,False
AVA_4ZpjKfu6Cl8_s264000_e268000_chunk66,False
AVA_4ZpjKfu6Cl8_s268000_e272000_chunk67,True
AVA_4ZpjKfu6Cl8_s272000_e276000_chunk68,True
AVA_4ZpjKfu6Cl8_s276000_e280000_chunk69,True
AVA_4ZpjKfu6Cl8_s280000_e284000_chunk70,True
AVA_4ZpjKfu6Cl8_s284000_e288000_chunk71,True
AVA_4ZpjKfu6Cl8_s288000_e292000_chunk72,True
AVA_4ZpjKfu6Cl8_s292000_e296000_chunk73,True
AVA_4ZpjKfu6Cl8_s296000_e300000_chunk74,True
AVA_4ZpjKfu6Cl8_s300000_e304000_chunk75,True
AVA_4ZpjKfu6Cl8_s304000_e308000_chunk76,True
AVA_4ZpjKfu6Cl8_s308000_e312000_chunk77,True
AVA_4ZpjKfu6Cl8_s312000_e316000_chunk78,True
AVA_4ZpjKfu6Cl8_s316000_e320000_chunk79,True
AVA_4ZpjKfu6Cl8_s320000_e324000_chunk80,True
AVA_4ZpjKfu6Cl8_s324000_e328000_chunk81,True
AVA_4ZpjKfu6Cl8_s328000_e332000_chunk82,True
AVA_4ZpjKfu6Cl8_s332000_e336000_chunk83,True
AVA_4ZpjKfu6Cl8_s336000_e340000_chunk84,True
AVA_4ZpjKfu6Cl8_s340000_e344000_chunk85,True
AVA_4ZpjKfu6Cl8_s344000_e348000_chunk86,False
AVA_4ZpjKfu6Cl8_s348000_e352000_chunk87,False
AVA_4ZpjKfu6Cl8_s352000_e356000_chunk88,True
AVA_4ZpjKfu6Cl8_s356000_e360000_chunk89,True
AVA_4ZpjKfu6Cl8_s360000_e364000_chunk90,True
AVA_4ZpjKfu6Cl8_s364000_e368000_chunk91,True
AVA_4ZpjKfu6Cl8_s368000_e372000_chunk92,True
AVA_4ZpjKfu6Cl8_s372000_e376000_chunk93,True
AVA_4ZpjKfu6Cl8_s376000_e380000_chunk94,True
AVA_4ZpjKfu6Cl8_s380000_e384000_chunk95,True
AVA_4ZpjKfu6Cl8_s384000_e388000_chunk96,True
AVA_4ZpjKfu6Cl8_s388000_e392000_chunk97,False
AVA_4ZpjKfu6Cl8_s392000_e396000_chunk98,True
AVA_4ZpjKfu6Cl8_s396000_e400000_chunk99,True
AVA_4ZpjKfu6Cl8_s400000_e404000_chunk100,True
AVA_4ZpjKfu6Cl8_s404000_e408000_chunk101,True
AVA_4ZpjKfu6Cl8_s408000_e412000_chunk102,True
AVA_4ZpjKfu6Cl8_s412000_e416000_chunk103,True
AVA_4ZpjKfu6Cl8_s416000_e420000_chunk104,True
AVA_4ZpjKfu6Cl8_s420000_e424000_chunk105,True
AVA_4ZpjKfu6Cl8_s424000_e428000_chunk106,True
AVA_4ZpjKfu6Cl8_s428000_e432000_chunk107,True
AVA_4ZpjKfu6Cl8_s432000_e436000_chunk108,True
AVA_4ZpjKfu6Cl8_s436000_e440000_chunk109,True
AVA_4ZpjKfu6Cl8_s440000_e444000_chunk110,True
AVA_4ZpjKfu6Cl8_s444000_e448000_chunk111,True
AVA_4ZpjKfu6Cl8_s448000_e452000_chunk112,True
AVA_4ZpjKfu6Cl8_s452000_e456000_chunk113,True
AVA_4ZpjKfu6Cl8_s456000_e460000_chunk114,True
AVA_4ZpjKfu6Cl8_s460000_e464000_chunk115,True
AVA_4ZpjKfu6Cl8_s464000_e468000_chunk116,True
AVA_4ZpjKfu6Cl8_s468000_e472000_chunk117,True
AVA_4ZpjKfu6Cl8_s472000_e476000_chunk118,False
AVA_4ZpjKfu6Cl8_s476000_e480000_chunk119,False
AVA_4ZpjKfu6Cl8_s480000_e484000_chunk120,False
AVA_4ZpjKfu6Cl8_s484000_e488000_chunk121,False
AVA_4ZpjKfu6Cl8_s488000_e492000_chunk122,False
AVA_4ZpjKfu6Cl8_s492000_e496000_chunk123,False
AVA_4ZpjKfu6Cl8_s496000_e500000_chunk124,True
AVA_4ZpjKfu6Cl8_s500000_e504000_chunk125,True
AVA_4ZpjKfu6Cl8_s504000_e508000_chunk126,True
AVA_4ZpjKfu6Cl8_s508000_e512000_chunk127,True
AVA_4ZpjKfu6Cl8_s512000_e516000_chunk128,True
AVA_4ZpjKfu6Cl8_s516000_e520000_chunk129,True
AVA_4ZpjKfu6Cl8_s520000_e524000_chunk130,True
AVA_4ZpjKfu6Cl8_s524000_e528000_chunk131,True
AVA_4ZpjKfu6Cl8_s528000_e532000_chunk132,True
AVA_4ZpjKfu6Cl8_s532000_e536000_chunk133,True
AVA_4ZpjKfu6Cl8_s536000_e540000_chunk134,True
AVA_4ZpjKfu6Cl8_s540000_e544000_chunk135,True
AVA_4ZpjKfu6Cl8_s544000_e548000_chunk136,True
AVA_4ZpjKfu6Cl8_s548000_e552000_chunk137,True
AVA_4ZpjKfu6Cl8_s552000_e556000_chunk138,True
AVA_4ZpjKfu6Cl8_s556000_e560000_chunk139,True
AVA_4ZpjKfu6Cl8_s560000_e564000_chunk140,True
AVA_4ZpjKfu6Cl8_s564000_e568000_chunk141,False
AVA_4ZpjKfu6Cl8_s568000_e572000_chunk142,True
AVA_4ZpjKfu6Cl8_s572000_e576000_chunk143,True
AVA_4ZpjKfu6Cl8_s576000_e580000_chunk144,True
AVA_4ZpjKfu6Cl8_s580000_e584000_chunk145,True
AVA_4ZpjKfu6Cl8_s584000_e588000_chunk146,True
AVA_4ZpjKfu6Cl8_s588000_e592000_chunk147,True
AVA_4ZpjKfu6Cl8_s592000_e596000_chunk148,True
AVA_4ZpjKfu6Cl8_s596000_e600000_chunk149,True
AVA_4ZpjKfu6Cl8_s600000_e604000_chunk150,True
AVA_4ZpjKfu6Cl8_s604000_e608000_chunk151,True
AVA_4ZpjKfu6Cl8_s608000_e612000_chunk152,False
AVA_4ZpjKfu6Cl8_s612000_e616000_chunk153,True
AVA_4ZpjKfu6Cl8_s616000_e620000_chunk154,True
AVA_4ZpjKfu6Cl8_s620000_e624000_chunk155,False
AVA_4ZpjKfu6Cl8_s624000_e628000_chunk156,False
AVA_4ZpjKfu6Cl8_s628000_e632000_chunk157,False
AVA_4ZpjKfu6Cl8_s632000_e636000_chunk158,False
AVA_4ZpjKfu6Cl8_s636000_e640000_chunk159,False
AVA_4ZpjKfu6Cl8_s640000_e644000_chunk160,False
AVA_4ZpjKfu6Cl8_s644000_e648000_chunk161,False
AVA_4ZpjKfu6Cl8_s648000_e652000_chunk162,False
AVA_4ZpjKfu6Cl8_s652000_e656000_chunk163,False
AVA_4ZpjKfu6Cl8_s656000_e660000_chunk164,False
AVA_4ZpjKfu6Cl8_s660000_e664000_chunk165,False
AVA_4ZpjKfu6Cl8_s664000_e668000_chunk166,False
AVA_4ZpjKfu6Cl8_s668000_e672000_chunk167,False
AVA_4ZpjKfu6Cl8_s672000_e676000_chunk168,False
AVA_4ZpjKfu6Cl8_s676000_e680000_chunk169,False
AVA_4ZpjKfu6Cl8_s680000_e684000_chunk170,True
AVA_4ZpjKfu6Cl8_s684000_e688000_chunk171,True
AVA_4ZpjKfu6Cl8_s688000_e692000_chunk172,True
AVA_4ZpjKfu6Cl8_s692000_e696000_chunk173,True
AVA_4ZpjKfu6Cl8_s696000_e700000_chunk174,True
AVA_4ZpjKfu6Cl8_s700000_e704000_chunk175,True
AVA_4ZpjKfu6Cl8_s704000_e708000_chunk176,True
AVA_4ZpjKfu6Cl8_s708000_e712000_chunk177,True
AVA_4ZpjKfu6Cl8_s712000_e716000_chunk178,True
AVA_4ZpjKfu6Cl8_s716000_e720000_chunk179,True
AVA_4ZpjKfu6Cl8_s720000_e724000_chunk180,True
AVA_4ZpjKfu6Cl8_s724000_e728000_chunk181,True
AVA_4ZpjKfu6Cl8_s728000_e732000_chunk182,True
AVA_4ZpjKfu6Cl8_s732000_e736000_chunk183,True
AVA_4ZpjKfu6Cl8_s736000_e740000_chunk184,True
AVA_4ZpjKfu6Cl8_s740000_e744000_chunk185,True
AVA_4ZpjKfu6Cl8_s744000_e748000_chunk186,True
AVA_4ZpjKfu6Cl8_s748000_e752000_chunk187,True
AVA_4ZpjKfu6Cl8_s752000_e756000_chunk188,True
AVA_4ZpjKfu6Cl8_s756000_e760000_chunk189,True
AVA_4ZpjKfu6Cl8_s760000_e764000_chunk190,True
AVA_4ZpjKfu6Cl8_s764000_e768000_chunk191,True
AVA_4ZpjKfu6Cl8_s768000_e772000_chunk192,True
AVA_4ZpjKfu6Cl8_s772000_e776000_chunk193,False
AVA_4ZpjKfu6Cl8_s776000_e780000_chunk194,False
AVA_4ZpjKfu6Cl8_s780000_e784000_chunk195,False
AVA_4ZpjKfu6Cl8_s784000_e788000_chunk196,False
AVA_4ZpjKfu6Cl8_s788000_e792000_chunk197,True
AVA_4ZpjKfu6Cl8_s792000_e796000_chunk198,True
AVA_4ZpjKfu6Cl8_s796000_e800000_chunk199,True
AVA_4ZpjKfu6Cl8_s800000_e804000_chunk200,False
AVA_4ZpjKfu6Cl8_s804000_e808000_chunk201,False
AVA_4ZpjKfu6Cl8_s808000_e812000_chunk202,True
AVA_4ZpjKfu6Cl8_s812000_e816000_chunk203,True
AVA_4ZpjKfu6Cl8_s816000_e820000_chunk204,True
AVA_4ZpjKfu6Cl8_s820000_e824000_chunk205,False
AVA_4ZpjKfu6Cl8_s824000_e828000_chunk206,False
AVA_4ZpjKfu6Cl8_s828000_e832000_chunk207,True
AVA_4ZpjKfu6Cl8_s832000_e836000_chunk208,True
AVA_4ZpjKfu6Cl8_s836000_e840000_chunk209,True
AVA_4ZpjKfu6Cl8_s840000_e844000_chunk210,True
AVA_4ZpjKfu6Cl8_s844000_e848000_chunk211,True
AVA_4ZpjKfu6Cl8_s848000_e852000_chunk212,True
AVA_4ZpjKfu6Cl8_s852000_e856000_chunk213,True
AVA_4ZpjKfu6Cl8_s856000_e860000_chunk214,True
AVA_4ZpjKfu6Cl8_s860000_e864000_chunk215,True
AVA_4ZpjKfu6Cl8_s864000_e868000_chunk216,False
AVA_4ZpjKfu6Cl8_s868000_e872000_chunk217,False
AVA_4ZpjKfu6Cl8_s872000_e876000_chunk218,False
AVA_4ZpjKfu6Cl8_s876000_e880000_chunk219,False
AVA_4ZpjKfu6Cl8_s880000_e884000_chunk220,False
AVA_4ZpjKfu6Cl8_s884000_e888000_chunk221,True
AVA_4ZpjKfu6Cl8_s888000_e892000_chunk222,True
AVA_4ZpjKfu6Cl8_s892000_e896000_chunk223,True
AVA_4ZpjKfu6Cl8_s896000_e900000_chunk224,False
AVA_55Ihr6uVIDA_s0_e4000_chunk0,True
AVA_55Ihr6uVIDA_s4000_e8000_chunk1,True
AVA_55Ihr6uVIDA_s8000_e12000_chunk2,True
AVA_55Ihr6uVIDA_s12000_e16000_chunk3,True
AVA_55Ihr6uVIDA_s16000_e20000_chunk4,True
AVA_55Ihr6uVIDA_s20000_e24000_chunk5,True
AVA_55Ihr6uVIDA_s24000_e28000_chunk6,True
AVA_55Ihr6uVIDA_s28000_e32000_chunk7,True
AVA_55Ihr6uVIDA_s32000_e36000_chunk8,True
AVA_55Ihr6uVIDA_s36000_e40000_chunk9,True
AVA_55Ihr6uVIDA_s40000_e44000_chunk10,True
AVA_55Ihr6uVIDA_s44000_e48000_chunk11,True
AVA_55Ihr6uVIDA_s48000_e52000_chunk12,False
AVA_55Ihr6uVIDA_s52000_e56000_chunk13,False
AVA_55Ihr6uVIDA_s56000_e60000_chunk14,True
AVA_55Ihr6uVIDA_s60000_e64000_chunk15,True
AVA_55Ihr6uVIDA_s64000_e68000_chunk16,False
AVA_55Ihr6uVIDA_s68000_e72000_chunk17,True
AVA_55Ihr6uVIDA_s72000_e76000_chunk18,True
AVA_55Ihr6uVIDA_s76000_e80000_chunk19,True
AVA_55Ihr6uVIDA_s80000_e84000_chunk20,True
AVA_55Ihr6uVIDA_s84000_e88000_chunk21,True
AVA_55Ihr6uVIDA_s88000_e92000_chunk22,True
AVA_55Ihr6uVIDA_s92000_e96000_chunk23,False
AVA_55Ihr6uVIDA_s96000_e100000_chunk24,False
AVA_55Ihr6uVIDA_s100000_e104000_chunk25,False
AVA_55Ihr6uVIDA_s104000_e108000_chunk26,False
AVA_55Ihr6uVIDA_s108000_e112000_chunk27,False
AVA_55Ihr6uVIDA_s112000_e116000_chunk28,False
AVA_55Ihr6uVIDA_s116000_e120000_chunk29,False
AVA_55Ihr6uVIDA_s120000_e124000_chunk30,False
AVA_55Ihr6uVIDA_s124000_e128000_chunk31,False
AVA_55Ihr6uVIDA_s128000_e132000_chunk32,True
AVA_55Ihr6uVIDA_s132000_e136000_chunk33,True
AVA_55Ihr6uVIDA_s136000_e140000_chunk34,True
AVA_55Ihr6uVIDA_s140000_e144000_chunk35,True
AVA_55Ihr6uVIDA_s144000_e148000_chunk36,False
AVA_55Ihr6uVIDA_s148000_e152000_chunk37,False
AVA_55Ihr6uVIDA_s152000_e156000_chunk38,False
AVA_55Ihr6uVIDA_s156000_e160000_chunk39,False
AVA_55Ihr6uVIDA_s160000_e164000_chunk40,False
AVA_55Ihr6uVIDA_s164000_e168000_chunk41,False
AVA_55Ihr6uVIDA_s168000_e172000_chunk42,False
AVA_55Ihr6uVIDA_s172000_e176000_chunk43,False
AVA_55Ihr6uVIDA_s176000_e180000_chunk44,False
AVA_55Ihr6uVIDA_s180000_e184000_chunk45,False
AVA_55Ihr6uVIDA_s184000_e188000_chunk46,False
AVA_55Ihr6uVIDA_s188000_e192000_chunk47,False
AVA_55Ihr6uVIDA_s192000_e196000_chunk48,True
AVA_55Ihr6uVIDA_s196000_e200000_chunk49,True
AVA_55Ihr6uVIDA_s200000_e204000_chunk50,False
AVA_55Ihr6uVIDA_s204000_e208000_chunk51,False
AVA_55Ihr6uVIDA_s208000_e212000_chunk52,True
AVA_55Ihr6uVIDA_s212000_e216000_chunk53,True
AVA_55Ihr6uVIDA_s216000_e220000_chunk54,False
AVA_55Ihr6uVIDA_s220000_e224000_chunk55,False
AVA_55Ihr6uVIDA_s224000_e228000_chunk56,False
AVA_55Ihr6uVIDA_s228000_e232000_chunk57,False
AVA_55Ihr6uVIDA_s232000_e236000_chunk58,False
AVA_55Ihr6uVIDA_s236000_e240000_chunk59,False
AVA_55Ihr6uVIDA_s240000_e244000_chunk60,False
AVA_55Ihr6uVIDA_s244000_e248000_chunk61,False
AVA_55Ihr6uVIDA_s248000_e252000_chunk62,False
AVA_55Ihr6uVIDA_s252000_e256000_chunk63,False
AVA_55Ihr6uVIDA_s256000_e260000_chunk64,False
AVA_55Ihr6uVIDA_s260000_e264000_chunk65,False
AVA_55Ihr6uVIDA_s264000_e268000_chunk66,False
AVA_55Ihr6uVIDA_s268000_e272000_chunk67,False
AVA_55Ihr6uVIDA_s272000_e276000_chunk68,False
AVA_55Ihr6uVIDA_s276000_e280000_chunk69,False
AVA_55Ihr6uVIDA_s280000_e284000_chunk70,False
AVA_55Ihr6uVIDA_s284000_e288000_chunk71,False
AVA_55Ihr6uVIDA_s288000_e292000_chunk72,False
AVA_55Ihr6uVIDA_s292000_e296000_chunk73,False
AVA_55Ihr6uVIDA_s296000_e300000_chunk74,False
AVA_55Ihr6uVIDA_s300000_e304000_chunk75,False
AVA_55Ihr6uVIDA_s304000_e308000_chunk76,False
AVA_55Ihr6uVIDA_s308000_e312000_chunk77,False
AVA_55Ihr6uVIDA_s312000_e316000_chunk78,False
AVA_55Ihr6uVIDA_s316000_e320000_chunk79,False
AVA_55Ihr6uVIDA_s320000_e324000_chunk80,False
AVA_55Ihr6uVIDA_s324000_e328000_chunk81,False
AVA_55Ihr6uVIDA_s328000_e332000_chunk82,False
AVA_55Ihr6uVIDA_s332000_e336000_chunk83,False
AVA_55Ihr6uVIDA_s336000_e340000_chunk84,True
AVA_55Ihr6uVIDA_s340000_e344000_chunk85,True
AVA_55Ihr6uVIDA_s344000_e348000_chunk86,True
AVA_55Ihr6uVIDA_s348000_e352000_chunk87,True
AVA_55Ihr6uVIDA_s352000_e356000_chunk88,True
AVA_55Ihr6uVIDA_s356000_e360000_chunk89,False
AVA_55Ihr6uVIDA_s360000_e364000_chunk90,False
AVA_55Ihr6uVIDA_s364000_e368000_chunk91,False
AVA_55Ihr6uVIDA_s368000_e372000_chunk92,True
AVA_55Ihr6uVIDA_s372000_e376000_chunk93,False
AVA_55Ihr6uVIDA_s376000_e380000_chunk94,True
AVA_55Ihr6uVIDA_s380000_e384000_chunk95,True
AVA_55Ihr6uVIDA_s384000_e388000_chunk96,True
AVA_55Ihr6uVIDA_s388000_e392000_chunk97,False
AVA_55Ihr6uVIDA_s392000_e396000_chunk98,False
AVA_55Ihr6uVIDA_s396000_e400000_chunk99,False
AVA_55Ihr6uVIDA_s400000_e404000_chunk100,False
AVA_55Ihr6uVIDA_s404000_e408000_chunk101,False
AVA_55Ihr6uVIDA_s408000_e412000_chunk102,True
AVA_55Ihr6uVIDA_s412000_e416000_chunk103,False
AVA_55Ihr6uVIDA_s416000_e420000_chunk104,False
AVA_55Ihr6uVIDA_s420000_e424000_chunk105,False
AVA_55Ihr6uVIDA_s424000_e428000_chunk106,True
AVA_55Ihr6uVIDA_s428000_e432000_chunk107,True
AVA_55Ihr6uVIDA_s432000_e436000_chunk108,True
AVA_55Ihr6uVIDA_s436000_e440000_chunk109,True
AVA_55Ihr6uVIDA_s440000_e444000_chunk110,True
AVA_55Ihr6uVIDA_s444000_e448000_chunk111,True
AVA_55Ihr6uVIDA_s448000_e452000_chunk112,True
AVA_55Ihr6uVIDA_s452000_e456000_chunk113,True
AVA_55Ihr6uVIDA_s456000_e460000_chunk114,True
AVA_55Ihr6uVIDA_s460000_e464000_chunk115,False
AVA_55Ihr6uVIDA_s464000_e468000_chunk116,True
AVA_55Ihr6uVIDA_s468000_e472000_chunk117,True
AVA_55Ihr6uVIDA_s472000_e476000_chunk118,False
AVA_55Ihr6uVIDA_s476000_e480000_chunk119,False
AVA_55Ihr6uVIDA_s480000_e484000_chunk120,False
AVA_55Ihr6uVIDA_s484000_e488000_chunk121,True
AVA_55Ihr6uVIDA_s488000_e492000_chunk122,True
AVA_55Ihr6uVIDA_s492000_e496000_chunk123,False
AVA_55Ihr6uVIDA_s496000_e500000_chunk124,False
AVA_55Ihr6uVIDA_s500000_e504000_chunk125,True
AVA_55Ihr6uVIDA_s504000_e508000_chunk126,False
AVA_55Ihr6uVIDA_s508000_e512000_chunk127,True
AVA_55Ihr6uVIDA_s512000_e516000_chunk128,False
AVA_55Ihr6uVIDA_s516000_e520000_chunk129,False
AVA_55Ihr6uVIDA_s520000_e524000_chunk130,False
AVA_55Ihr6uVIDA_s524000_e528000_chunk131,True
AVA_55Ihr6uVIDA_s528000_e532000_chunk132,False
AVA_55Ihr6uVIDA_s532000_e536000_chunk133,False
AVA_55Ihr6uVIDA_s536000_e540000_chunk134,False
AVA_55Ihr6uVIDA_s540000_e544000_chunk135,False
AVA_55Ihr6uVIDA_s544000_e548000_chunk136,False
AVA_55Ihr6uVIDA_s548000_e552000_chunk137,True
AVA_55Ihr6uVIDA_s552000_e556000_chunk138,True
AVA_55Ihr6uVIDA_s556000_e560000_chunk139,True
AVA_55Ihr6uVIDA_s560000_e564000_chunk140,False
AVA_55Ihr6uVIDA_s564000_e568000_chunk141,True
AVA_55Ihr6uVIDA_s568000_e572000_chunk142,True
AVA_55Ihr6uVIDA_s572000_e576000_chunk143,True
AVA_55Ihr6uVIDA_s576000_e580000_chunk144,True
AVA_55Ihr6uVIDA_s580000_e584000_chunk145,True
AVA_55Ihr6uVIDA_s584000_e588000_chunk146,False
AVA_55Ihr6uVIDA_s588000_e592000_chunk147,False
AVA_55Ihr6uVIDA_s592000_e596000_chunk148,False
AVA_55Ihr6uVIDA_s596000_e600000_chunk149,False
AVA_55Ihr6uVIDA_s600000_e604000_chunk150,False
AVA_55Ihr6uVIDA_s604000_e608000_chunk151,False
AVA_55Ihr6uVIDA_s608000_e612000_chunk152,False
AVA_55Ihr6uVIDA_s612000_e616000_chunk153,False
AVA_55Ihr6uVIDA_s616000_e620000_chunk154,False
AVA_55Ihr6uVIDA_s620000_e624000_chunk155,False
AVA_55Ihr6uVIDA_s624000_e628000_chunk156,False
AVA_55Ihr6uVIDA_s628000_e632000_chunk157,False
AVA_55Ihr6uVIDA_s632000_e636000_chunk158,False
AVA_55Ihr6uVIDA_s636000_e640000_chunk159,False
AVA_55Ihr6uVIDA_s640000_e644000_chunk160,False
AVA_55Ihr6uVIDA_s644000_e648000_chunk161,False
AVA_55Ihr6uVIDA_s648000_e652000_chunk162,False
AVA_55Ihr6uVIDA_s652000_e656000_chunk163,False
AVA_55Ihr6uVIDA_s656000_e660000_chunk164,False
AVA_55Ihr6uVIDA_s660000_e664000_chunk165,True
AVA_55Ihr6uVIDA_s664000_e668000_chunk166,False
AVA_55Ihr6uVIDA_s668000_e672000_chunk167,False
AVA_55Ihr6uVIDA_s672000_e676000_chunk168,False
AVA_55Ihr6uVIDA_s676000_e680000_chunk169,False
AVA_55Ihr6uVIDA_s680000_e684000_chunk170,False
AVA_55Ihr6uVIDA_s684000_e688000_chunk171,False
AVA_55Ihr6uVIDA_s688000_e692000_chunk172,True
AVA_55Ihr6uVIDA_s692000_e696000_chunk173,True
AVA_55Ihr6uVIDA_s696000_e700000_chunk174,True
AVA_55Ihr6uVIDA_s700000_e704000_chunk175,True
AVA_55Ihr6uVIDA_s704000_e708000_chunk176,False
AVA_55Ihr6uVIDA_s708000_e712000_chunk177,True
AVA_55Ihr6uVIDA_s712000_e716000_chunk178,True
AVA_55Ihr6uVIDA_s716000_e720000_chunk179,False
AVA_55Ihr6uVIDA_s720000_e724000_chunk180,True
AVA_55Ihr6uVIDA_s724000_e728000_chunk181,True
AVA_55Ihr6uVIDA_s728000_e732000_chunk182,True
AVA_55Ihr6uVIDA_s732000_e736000_chunk183,False
AVA_55Ihr6uVIDA_s736000_e740000_chunk184,False
AVA_55Ihr6uVIDA_s740000_e744000_chunk185,True
AVA_55Ihr6uVIDA_s744000_e748000_chunk186,True
AVA_55Ihr6uVIDA_s748000_e752000_chunk187,True
AVA_55Ihr6uVIDA_s752000_e756000_chunk188,True
AVA_55Ihr6uVIDA_s756000_e760000_chunk189,True
AVA_55Ihr6uVIDA_s760000_e764000_chunk190,True
AVA_55Ihr6uVIDA_s764000_e768000_chunk191,True
AVA_55Ihr6uVIDA_s768000_e772000_chunk192,True
AVA_55Ihr6uVIDA_s772000_e776000_chunk193,False
AVA_55Ihr6uVIDA_s776000_e780000_chunk194,False
AVA_55Ihr6uVIDA_s780000_e784000_chunk195,False
AVA_55Ihr6uVIDA_s784000_e788000_chunk196,False
AVA_55Ihr6uVIDA_s788000_e792000_chunk197,True
AVA_55Ihr6uVIDA_s792000_e796000_chunk198,True
AVA_55Ihr6uVIDA_s796000_e800000_chunk199,True
AVA_55Ihr6uVIDA_s800000_e804000_chunk200,True
AVA_55Ihr6uVIDA_s804000_e808000_chunk201,True
AVA_55Ihr6uVIDA_s808000_e812000_chunk202,True
AVA_55Ihr6uVIDA_s812000_e816000_chunk203,True
AVA_55Ihr6uVIDA_s816000_e820000_chunk204,True
AVA_55Ihr6uVIDA_s820000_e824000_chunk205,False
AVA_55Ihr6uVIDA_s824000_e828000_chunk206,True
AVA_55Ihr6uVIDA_s828000_e832000_chunk207,True
AVA_55Ihr6uVIDA_s832000_e836000_chunk208,True
AVA_55Ihr6uVIDA_s836000_e840000_chunk209,True
AVA_55Ihr6uVIDA_s840000_e844000_chunk210,True
AVA_55Ihr6uVIDA_s844000_e848000_chunk211,False
AVA_55Ihr6uVIDA_s848000_e852000_chunk212,False
AVA_55Ihr6uVIDA_s852000_e856000_chunk213,True
AVA_55Ihr6uVIDA_s856000_e860000_chunk214,True
AVA_55Ihr6uVIDA_s860000_e864000_chunk215,False
AVA_55Ihr6uVIDA_s864000_e868000_chunk216,False
AVA_55Ihr6uVIDA_s868000_e872000_chunk217,False
AVA_55Ihr6uVIDA_s872000_e876000_chunk218,True
AVA_55Ihr6uVIDA_s876000_e880000_chunk219,False
AVA_55Ihr6uVIDA_s880000_e884000_chunk220,False
AVA_55Ihr6uVIDA_s884000_e888000_chunk221,True
AVA_55Ihr6uVIDA_s888000_e892000_chunk222,True
AVA_55Ihr6uVIDA_s892000_e896000_chunk223,False
AVA_55Ihr6uVIDA_s896000_e900000_chunk224,True
AVA_5BDj0ow5hnA_s0_e4000_chunk0,False
AVA_5BDj0ow5hnA_s4000_e8000_chunk1,True
AVA_5BDj0ow5hnA_s8000_e12000_chunk2,True
AVA_5BDj0ow5hnA_s12000_e16000_chunk3,False
AVA_5BDj0ow5hnA_s16000_e20000_chunk4,False
AVA_5BDj0ow5hnA_s20000_e24000_chunk5,False
AVA_5BDj0ow5hnA_s24000_e28000_chunk6,False
AVA_5BDj0ow5hnA_s28000_e32000_chunk7,False
AVA_5BDj0ow5hnA_s32000_e36000_chunk8,False
AVA_5BDj0ow5hnA_s36000_e40000_chunk9,True
AVA_5BDj0ow5hnA_s40000_e44000_chunk10,True
AVA_5BDj0ow5hnA_s44000_e48000_chunk11,True
AVA_5BDj0ow5hnA_s48000_e52000_chunk12,True
AVA_5BDj0ow5hnA_s52000_e56000_chunk13,True
AVA_5BDj0ow5hnA_s56000_e60000_chunk14,True
AVA_5BDj0ow5hnA_s60000_e64000_chunk15,True
AVA_5BDj0ow5hnA_s64000_e68000_chunk16,True
AVA_5BDj0ow5hnA_s68000_e72000_chunk17,True
AVA_5BDj0ow5hnA_s72000_e76000_chunk18,True
AVA_5BDj0ow5hnA_s76000_e80000_chunk19,True
AVA_5BDj0ow5hnA_s80000_e84000_chunk20,True
AVA_5BDj0ow5hnA_s84000_e88000_chunk21,True
AVA_5BDj0ow5hnA_s88000_e92000_chunk22,True
AVA_5BDj0ow5hnA_s92000_e96000_chunk23,True
AVA_5BDj0ow5hnA_s96000_e100000_chunk24,True
AVA_5BDj0ow5hnA_s100000_e104000_chunk25,True
AVA_5BDj0ow5hnA_s104000_e108000_chunk26,True
AVA_5BDj0ow5hnA_s108000_e112000_chunk27,True
AVA_5BDj0ow5hnA_s112000_e116000_chunk28,True
AVA_5BDj0ow5hnA_s116000_e120000_chunk29,True
AVA_5BDj0ow5hnA_s120000_e124000_chunk30,True
AVA_5BDj0ow5hnA_s124000_e128000_chunk31,True
AVA_5BDj0ow5hnA_s128000_e132000_chunk32,True
AVA_5BDj0ow5hnA_s132000_e136000_chunk33,True
AVA_5BDj0ow5hnA_s136000_e140000_chunk34,True
AVA_5BDj0ow5hnA_s140000_e144000_chunk35,True
AVA_5BDj0ow5hnA_s144000_e148000_chunk36,True
AVA_5BDj0ow5hnA_s148000_e152000_chunk37,True
AVA_5BDj0ow5hnA_s152000_e156000_chunk38,True
AVA_5BDj0ow5hnA_s156000_e160000_chunk39,True
AVA_5BDj0ow5hnA_s160000_e164000_chunk40,True
AVA_5BDj0ow5hnA_s164000_e168000_chunk41,True
AVA_5BDj0ow5hnA_s168000_e172000_chunk42,True
AVA_5BDj0ow5hnA_s172000_e176000_chunk43,True
AVA_5BDj0ow5hnA_s176000_e180000_chunk44,True
AVA_5BDj0ow5hnA_s180000_e184000_chunk45,True
AVA_5BDj0ow5hnA_s184000_e188000_chunk46,True
AVA_5BDj0ow5hnA_s188000_e192000_chunk47,True
AVA_5BDj0ow5hnA_s192000_e196000_chunk48,True
AVA_5BDj0ow5hnA_s196000_e200000_chunk49,True
AVA_5BDj0ow5hnA_s200000_e204000_chunk50,True
AVA_5BDj0ow5hnA_s204000_e208000_chunk51,False
AVA_5BDj0ow5hnA_s208000_e212000_chunk52,True
AVA_5BDj0ow5hnA_s212000_e216000_chunk53,True
AVA_5BDj0ow5hnA_s216000_e220000_chunk54,True
AVA_5BDj0ow5hnA_s220000_e224000_chunk55,True
AVA_5BDj0ow5hnA_s224000_e228000_chunk56,True
AVA_5BDj0ow5hnA_s228000_e232000_chunk57,True
AVA_5BDj0ow5hnA_s232000_e236000_chunk58,True
AVA_5BDj0ow5hnA_s236000_e240000_chunk59,True
AVA_5BDj0ow5hnA_s240000_e244000_chunk60,True
AVA_5BDj0ow5hnA_s244000_e248000_chunk61,True
AVA_5BDj0ow5hnA_s248000_e252000_chunk62,True
AVA_5BDj0ow5hnA_s252000_e256000_chunk63,True
AVA_5BDj0ow5hnA_s256000_e260000_chunk64,True
AVA_5BDj0ow5hnA_s260000_e264000_chunk65,True
AVA_5BDj0ow5hnA_s264000_e268000_chunk66,True
AVA_5BDj0ow5hnA_s268000_e272000_chunk67,True
AVA_5BDj0ow5hnA_s272000_e276000_chunk68,True
AVA_5BDj0ow5hnA_s276000_e280000_chunk69,True
AVA_5BDj0ow5hnA_s280000_e284000_chunk70,True
AVA_5BDj0ow5hnA_s284000_e288000_chunk71,True
AVA_5BDj0ow5hnA_s288000_e292000_chunk72,True
AVA_5BDj0ow5hnA_s292000_e296000_chunk73,True
AVA_5BDj0ow5hnA_s296000_e300000_chunk74,True
AVA_5BDj0ow5hnA_s300000_e304000_chunk75,True
AVA_5BDj0ow5hnA_s304000_e308000_chunk76,True
AVA_5BDj0ow5hnA_s308000_e312000_chunk77,True
AVA_5BDj0ow5hnA_s312000_e316000_chunk78,True
AVA_5BDj0ow5hnA_s316000_e320000_chunk79,True
AVA_5BDj0ow5hnA_s320000_e324000_chunk80,True
AVA_5BDj0ow5hnA_s324000_e328000_chunk81,True
AVA_5BDj0ow5hnA_s328000_e332000_chunk82,True
AVA_5BDj0ow5hnA_s332000_e336000_chunk83,True
AVA_5BDj0ow5hnA_s336000_e340000_chunk84,False
AVA_5BDj0ow5hnA_s340000_e344000_chunk85,True
AVA_5BDj0ow5hnA_s344000_e348000_chunk86,True
AVA_5BDj0ow5hnA_s348000_e352000_chunk87,True
AVA_5BDj0ow5hnA_s352000_e356000_chunk88,True
AVA_5BDj0ow5hnA_s356000_e360000_chunk89,True
AVA_5BDj0ow5hnA_s360000_e364000_chunk90,True
AVA_5BDj0ow5hnA_s364000_e368000_chunk91,True
AVA_5BDj0ow5hnA_s368000_e372000_chunk92,True
AVA_5BDj0ow5hnA_s372000_e376000_chunk93,True
AVA_5BDj0ow5hnA_s376000_e380000_chunk94,True
AVA_5BDj0ow5hnA_s380000_e384000_chunk95,True
AVA_5BDj0ow5hnA_s384000_e388000_chunk96,True
AVA_5BDj0ow5hnA_s388000_e392000_chunk97,False
AVA_5BDj0ow5hnA_s392000_e396000_chunk98,True
AVA_5BDj0ow5hnA_s396000_e400000_chunk99,False
AVA_5BDj0ow5hnA_s400000_e404000_chunk100,True
AVA_5BDj0ow5hnA_s404000_e408000_chunk101,True
AVA_5BDj0ow5hnA_s408000_e412000_chunk102,True
AVA_5BDj0ow5hnA_s412000_e416000_chunk103,False
AVA_5BDj0ow5hnA_s416000_e420000_chunk104,False
AVA_5BDj0ow5hnA_s420000_e424000_chunk105,False
AVA_5BDj0ow5hnA_s424000_e428000_chunk106,False
AVA_5BDj0ow5hnA_s428000_e432000_chunk107,False
AVA_5BDj0ow5hnA_s432000_e436000_chunk108,False
AVA_5BDj0ow5hnA_s436000_e440000_chunk109,False
AVA_5BDj0ow5hnA_s440000_e444000_chunk110,True
AVA_5BDj0ow5hnA_s444000_e448000_chunk111,True
AVA_5BDj0ow5hnA_s448000_e452000_chunk112,True
AVA_5BDj0ow5hnA_s452000_e456000_chunk113,True
AVA_5BDj0ow5hnA_s456000_e460000_chunk114,True
AVA_5BDj0ow5hnA_s460000_e464000_chunk115,True
AVA_5BDj0ow5hnA_s464000_e468000_chunk116,True
AVA_5BDj0ow5hnA_s468000_e472000_chunk117,True
AVA_5BDj0ow5hnA_s472000_e476000_chunk118,True
AVA_5BDj0ow5hnA_s476000_e480000_chunk119,True
AVA_5BDj0ow5hnA_s480000_e484000_chunk120,True
AVA_5BDj0ow5hnA_s484000_e488000_chunk121,False
AVA_5BDj0ow5hnA_s488000_e492000_chunk122,False
AVA_5BDj0ow5hnA_s492000_e496000_chunk123,False
AVA_5BDj0ow5hnA_s496000_e500000_chunk124,True
AVA_5BDj0ow5hnA_s500000_e504000_chunk125,True
AVA_5BDj0ow5hnA_s504000_e508000_chunk126,True
AVA_5BDj0ow5hnA_s508000_e512000_chunk127,True
AVA_5BDj0ow5hnA_s512000_e516000_chunk128,True
AVA_5BDj0ow5hnA_s516000_e520000_chunk129,True
AVA_5BDj0ow5hnA_s520000_e524000_chunk130,False
AVA_5BDj0ow5hnA_s524000_e528000_chunk131,True
AVA_5BDj0ow5hnA_s528000_e532000_chunk132,True
AVA_5BDj0ow5hnA_s532000_e536000_chunk133,True
AVA_5BDj0ow5hnA_s536000_e540000_chunk134,True
AVA_5BDj0ow5hnA_s540000_e544000_chunk135,True
AVA_5BDj0ow5hnA_s544000_e548000_chunk136,True
AVA_5BDj0ow5hnA_s548000_e552000_chunk137,True
AVA_5BDj0ow5hnA_s552000_e556000_chunk138,True
AVA_5BDj0ow5hnA_s556000_e560000_chunk139,True
AVA_5BDj0ow5hnA_s560000_e564000_chunk140,True
AVA_5BDj0ow5hnA_s564000_e568000_chunk141,True
AVA_5BDj0ow5hnA_s568000_e572000_chunk142,True
AVA_5BDj0ow5hnA_s572000_e576000_chunk143,True
AVA_5BDj0ow5hnA_s576000_e580000_chunk144,True
AVA_5BDj0ow5hnA_s580000_e584000_chunk145,True
AVA_5BDj0ow5hnA_s584000_e588000_chunk146,True
AVA_5BDj0ow5hnA_s588000_e592000_chunk147,True
AVA_5BDj0ow5hnA_s592000_e596000_chunk148,True
AVA_5BDj0ow5hnA_s596000_e600000_chunk149,True
AVA_5BDj0ow5hnA_s600000_e604000_chunk150,True
AVA_5BDj0ow5hnA_s604000_e608000_chunk151,True
AVA_5BDj0ow5hnA_s608000_e612000_chunk152,True
AVA_5BDj0ow5hnA_s612000_e616000_chunk153,True
AVA_5BDj0ow5hnA_s616000_e620000_chunk154,True
AVA_5BDj0ow5hnA_s620000_e624000_chunk155,True
AVA_5BDj0ow5hnA_s624000_e628000_chunk156,True
AVA_5BDj0ow5hnA_s628000_e632000_chunk157,True
AVA_5BDj0ow5hnA_s632000_e636000_chunk158,True
AVA_5BDj0ow5hnA_s636000_e640000_chunk159,True
AVA_5BDj0ow5hnA_s640000_e644000_chunk160,True
AVA_5BDj0ow5hnA_s644000_e648000_chunk161,True
AVA_5BDj0ow5hnA_s648000_e652000_chunk162,False
AVA_5BDj0ow5hnA_s652000_e656000_chunk163,True
AVA_5BDj0ow5hnA_s656000_e660000_chunk164,True
AVA_5BDj0ow5hnA_s660000_e664000_chunk165,True
AVA_5BDj0ow5hnA_s664000_e668000_chunk166,True
AVA_5BDj0ow5hnA_s668000_e672000_chunk167,True
AVA_5BDj0ow5hnA_s672000_e676000_chunk168,True
AVA_5BDj0ow5hnA_s676000_e680000_chunk169,True
AVA_5BDj0ow5hnA_s680000_e684000_chunk170,True
AVA_5BDj0ow5hnA_s684000_e688000_chunk171,False
AVA_5BDj0ow5hnA_s688000_e692000_chunk172,True
AVA_5BDj0ow5hnA_s692000_e696000_chunk173,True
AVA_5BDj0ow5hnA_s696000_e700000_chunk174,True
AVA_5BDj0ow5hnA_s700000_e704000_chunk175,True
AVA_5BDj0ow5hnA_s704000_e708000_chunk176,True
AVA_5BDj0ow5hnA_s708000_e712000_chunk177,True
AVA_5BDj0ow5hnA_s712000_e716000_chunk178,True
AVA_5BDj0ow5hnA_s716000_e720000_chunk179,True
AVA_5BDj0ow5hnA_s720000_e724000_chunk180,True
AVA_5BDj0ow5hnA_s724000_e728000_chunk181,True
AVA_5BDj0ow5hnA_s728000_e732000_chunk182,True
AVA_5BDj0ow5hnA_s732000_e736000_chunk183,True
AVA_5BDj0ow5hnA_s736000_e740000_chunk184,True
AVA_5BDj0ow5hnA_s740000_e744000_chunk185,True
AVA_5BDj0ow5hnA_s744000_e748000_chunk186,True
AVA_5BDj0ow5hnA_s748000_e752000_chunk187,True
AVA_5BDj0ow5hnA_s752000_e756000_chunk188,True
AVA_5BDj0ow5hnA_s756000_e760000_chunk189,True
AVA_5BDj0ow5hnA_s760000_e764000_chunk190,True
AVA_5BDj0ow5hnA_s764000_e768000_chunk191,True
AVA_5BDj0ow5hnA_s768000_e772000_chunk192,True
AVA_5BDj0ow5hnA_s772000_e776000_chunk193,True
AVA_5BDj0ow5hnA_s776000_e780000_chunk194,True
AVA_5BDj0ow5hnA_s780000_e784000_chunk195,True
AVA_5BDj0ow5hnA_s784000_e788000_chunk196,True
AVA_5BDj0ow5hnA_s788000_e792000_chunk197,True
AVA_5BDj0ow5hnA_s792000_e796000_chunk198,True
AVA_5BDj0ow5hnA_s796000_e800000_chunk199,True
AVA_5BDj0ow5hnA_s800000_e804000_chunk200,True
AVA_5BDj0ow5hnA_s804000_e808000_chunk201,True
AVA_5BDj0ow5hnA_s808000_e812000_chunk202,True
AVA_5BDj0ow5hnA_s812000_e816000_chunk203,True
AVA_5BDj0ow5hnA_s816000_e820000_chunk204,True
AVA_5BDj0ow5hnA_s820000_e824000_chunk205,True
AVA_5BDj0ow5hnA_s824000_e828000_chunk206,True
AVA_5BDj0ow5hnA_s828000_e832000_chunk207,True
AVA_5BDj0ow5hnA_s832000_e836000_chunk208,True
AVA_5BDj0ow5hnA_s836000_e840000_chunk209,True
AVA_5BDj0ow5hnA_s840000_e844000_chunk210,True
AVA_5BDj0ow5hnA_s844000_e848000_chunk211,True
AVA_5BDj0ow5hnA_s848000_e852000_chunk212,True
AVA_5BDj0ow5hnA_s852000_e856000_chunk213,True
AVA_5BDj0ow5hnA_s856000_e860000_chunk214,True
AVA_5BDj0ow5hnA_s860000_e864000_chunk215,True
AVA_5BDj0ow5hnA_s864000_e868000_chunk216,True
AVA_5BDj0ow5hnA_s868000_e872000_chunk217,True
AVA_5BDj0ow5hnA_s872000_e876000_chunk218,True
AVA_5BDj0ow5hnA_s876000_e880000_chunk219,True
AVA_5BDj0ow5hnA_s880000_e884000_chunk220,True
AVA_5BDj0ow5hnA_s884000_e888000_chunk221,True
AVA_5BDj0ow5hnA_s888000_e892000_chunk222,True
AVA_5BDj0ow5hnA_s892000_e896000_chunk223,True
AVA_5BDj0ow5hnA_s896000_e900000_chunk224,True
AVA_-5KQ66BBWC4_s0_e4000_chunk0,False
AVA_-5KQ66BBWC4_s4000_e8000_chunk1,False
AVA_-5KQ66BBWC4_s8000_e12000_chunk2,True
AVA_-5KQ66BBWC4_s12000_e16000_chunk3,True
AVA_-5KQ66BBWC4_s16000_e20000_chunk4,True
AVA_-5KQ66BBWC4_s20000_e24000_chunk5,False
AVA_-5KQ66BBWC4_s24000_e28000_chunk6,False
AVA_-5KQ66BBWC4_s28000_e32000_chunk7,False
AVA_-5KQ66BBWC4_s32000_e36000_chunk8,False
AVA_-5KQ66BBWC4_s36000_e40000_chunk9,False
AVA_-5KQ66BBWC4_s40000_e44000_chunk10,False
AVA_-5KQ66BBWC4_s44000_e48000_chunk11,False
AVA_-5KQ66BBWC4_s48000_e52000_chunk12,False
AVA_-5KQ66BBWC4_s52000_e56000_chunk13,False
AVA_-5KQ66BBWC4_s56000_e60000_chunk14,False
AVA_-5KQ66BBWC4_s60000_e64000_chunk15,False
AVA_-5KQ66BBWC4_s64000_e68000_chunk16,False
AVA_-5KQ66BBWC4_s68000_e72000_chunk17,False
AVA_-5KQ66BBWC4_s72000_e76000_chunk18,False
AVA_-5KQ66BBWC4_s76000_e80000_chunk19,False
AVA_-5KQ66BBWC4_s80000_e84000_chunk20,False
AVA_-5KQ66BBWC4_s84000_e88000_chunk21,False
AVA_-5KQ66BBWC4_s88000_e92000_chunk22,True
AVA_-5KQ66BBWC4_s92000_e96000_chunk23,True
AVA_-5KQ66BBWC4_s96000_e100000_chunk24,True
AVA_-5KQ66BBWC4_s100000_e104000_chunk25,False
AVA_-5KQ66BBWC4_s104000_e108000_chunk26,True
AVA_-5KQ66BBWC4_s108000_e112000_chunk27,False
AVA_-5KQ66BBWC4_s112000_e116000_chunk28,True
AVA_-5KQ66BBWC4_s116000_e120000_chunk29,True
AVA_-5KQ66BBWC4_s120000_e124000_chunk30,False
AVA_-5KQ66BBWC4_s124000_e128000_chunk31,True
AVA_-5KQ66BBWC4_s128000_e132000_chunk32,True
AVA_-5KQ66BBWC4_s132000_e136000_chunk33,True
AVA_-5KQ66BBWC4_s136000_e140000_chunk34,True
AVA_-5KQ66BBWC4_s140000_e144000_chunk35,False
AVA_-5KQ66BBWC4_s144000_e148000_chunk36,False
AVA_-5KQ66BBWC4_s148000_e152000_chunk37,True
AVA_-5KQ66BBWC4_s152000_e156000_chunk38,True
AVA_-5KQ66BBWC4_s156000_e160000_chunk39,True
AVA_-5KQ66BBWC4_s160000_e164000_chunk40,False
AVA_-5KQ66BBWC4_s164000_e168000_chunk41,True
AVA_-5KQ66BBWC4_s168000_e172000_chunk42,True
AVA_-5KQ66BBWC4_s172000_e176000_chunk43,True
AVA_-5KQ66BBWC4_s176000_e180000_chunk44,True
AVA_-5KQ66BBWC4_s180000_e184000_chunk45,True
AVA_-5KQ66BBWC4_s184000_e188000_chunk46,True
AVA_-5KQ66BBWC4_s188000_e192000_chunk47,True
AVA_-5KQ66BBWC4_s192000_e196000_chunk48,True
AVA_-5KQ66BBWC4_s196000_e200000_chunk49,True
AVA_-5KQ66BBWC4_s200000_e204000_chunk50,False
AVA_-5KQ66BBWC4_s204000_e208000_chunk51,False
AVA_-5KQ66BBWC4_s208000_e212000_chunk52,False
AVA_-5KQ66BBWC4_s212000_e216000_chunk53,False
AVA_-5KQ66BBWC4_s216000_e220000_chunk54,False
AVA_-5KQ66BBWC4_s220000_e224000_chunk55,False
AVA_-5KQ66BBWC4_s224000_e228000_chunk56,False
AVA_-5KQ66BBWC4_s228000_e232000_chunk57,False
AVA_-5KQ66BBWC4_s232000_e236000_chunk58,False
AVA_-5KQ66BBWC4_s236000_e240000_chunk59,False
AVA_-5KQ66BBWC4_s240000_e244000_chunk60,False
AVA_-5KQ66BBWC4_s244000_e248000_chunk61,False
AVA_-5KQ66BBWC4_s248000_e252000_chunk62,False
AVA_-5KQ66BBWC4_s252000_e256000_chunk63,False
AVA_-5KQ66BBWC4_s256000_e260000_chunk64,False
AVA_-5KQ66BBWC4_s260000_e264000_chunk65,False
AVA_-5KQ66BBWC4_s264000_e268000_chunk66,False
AVA_-5KQ66BBWC4_s268000_e272000_chunk67,False
AVA_-5KQ66BBWC4_s272000_e276000_chunk68,False
AVA_-5KQ66BBWC4_s276000_e280000_chunk69,False
AVA_-5KQ66BBWC4_s280000_e284000_chunk70,False
AVA_-5KQ66BBWC4_s284000_e288000_chunk71,False
AVA_-5KQ66BBWC4_s288000_e292000_chunk72,False
AVA_-5KQ66BBWC4_s292000_e296000_chunk73,False
AVA_-5KQ66BBWC4_s296000_e300000_chunk74,False
AVA_-5KQ66BBWC4_s300000_e304000_chunk75,False
AVA_-5KQ66BBWC4_s304000_e308000_chunk76,False
AVA_-5KQ66BBWC4_s308000_e312000_chunk77,False
AVA_-5KQ66BBWC4_s312000_e316000_chunk78,False
AVA_-5KQ66BBWC4_s316000_e320000_chunk79,False
AVA_-5KQ66BBWC4_s320000_e324000_chunk80,False
AVA_-5KQ66BBWC4_s324000_e328000_chunk81,False
AVA_-5KQ66BBWC4_s328000_e332000_chunk82,False
AVA_-5KQ66BBWC4_s332000_e336000_chunk83,False
AVA_-5KQ66BBWC4_s336000_e340000_chunk84,False
AVA_-5KQ66BBWC4_s340000_e344000_chunk85,False
AVA_-5KQ66BBWC4_s344000_e348000_chunk86,False
AVA_-5KQ66BBWC4_s348000_e352000_chunk87,False
AVA_-5KQ66BBWC4_s352000_e356000_chunk88,False
AVA_-5KQ66BBWC4_s356000_e360000_chunk89,False
AVA_-5KQ66BBWC4_s360000_e364000_chunk90,False
AVA_-5KQ66BBWC4_s364000_e368000_chunk91,False
AVA_-5KQ66BBWC4_s368000_e372000_chunk92,False
AVA_-5KQ66BBWC4_s372000_e376000_chunk93,False
AVA_-5KQ66BBWC4_s376000_e380000_chunk94,False
AVA_-5KQ66BBWC4_s380000_e384000_chunk95,False
AVA_-5KQ66BBWC4_s384000_e388000_chunk96,False
AVA_-5KQ66BBWC4_s388000_e392000_chunk97,False
AVA_-5KQ66BBWC4_s392000_e396000_chunk98,False
AVA_-5KQ66BBWC4_s396000_e400000_chunk99,False
AVA_-5KQ66BBWC4_s400000_e404000_chunk100,False
AVA_-5KQ66BBWC4_s404000_e408000_chunk101,False
AVA_-5KQ66BBWC4_s408000_e412000_chunk102,False
AVA_-5KQ66BBWC4_s412000_e416000_chunk103,False
AVA_-5KQ66BBWC4_s416000_e420000_chunk104,False
AVA_-5KQ66BBWC4_s420000_e424000_chunk105,False
AVA_-5KQ66BBWC4_s424000_e428000_chunk106,False
AVA_-5KQ66BBWC4_s428000_e432000_chunk107,False
AVA_-5KQ66BBWC4_s432000_e436000_chunk108,False
AVA_-5KQ66BBWC4_s436000_e440000_chunk109,False
AVA_-5KQ66BBWC4_s440000_e444000_chunk110,False
AVA_-5KQ66BBWC4_s444000_e448000_chunk111,False
AVA_-5KQ66BBWC4_s448000_e452000_chunk112,False
AVA_-5KQ66BBWC4_s452000_e456000_chunk113,True
AVA_-5KQ66BBWC4_s456000_e460000_chunk114,False
AVA_-5KQ66BBWC4_s460000_e464000_chunk115,False
AVA_-5KQ66BBWC4_s464000_e468000_chunk116,False
AVA_-5KQ66BBWC4_s468000_e472000_chunk117,True
AVA_-5KQ66BBWC4_s472000_e476000_chunk118,True
AVA_-5KQ66BBWC4_s476000_e480000_chunk119,True
AVA_-5KQ66BBWC4_s480000_e484000_chunk120,True
AVA_-5KQ66BBWC4_s484000_e488000_chunk121,True
AVA_-5KQ66BBWC4_s488000_e492000_chunk122,True
AVA_-5KQ66BBWC4_s492000_e496000_chunk123,True
AVA_-5KQ66BBWC4_s496000_e500000_chunk124,True
AVA_-5KQ66BBWC4_s500000_e504000_chunk125,True
AVA_-5KQ66BBWC4_s504000_e508000_chunk126,True
AVA_-5KQ66BBWC4_s508000_e512000_chunk127,True
AVA_-5KQ66BBWC4_s512000_e516000_chunk128,True
AVA_-5KQ66BBWC4_s516000_e520000_chunk129,True
AVA_-5KQ66BBWC4_s520000_e524000_chunk130,True
AVA_-5KQ66BBWC4_s524000_e528000_chunk131,True
AVA_-5KQ66BBWC4_s528000_e532000_chunk132,True
AVA_-5KQ66BBWC4_s532000_e536000_chunk133,True
AVA_-5KQ66BBWC4_s536000_e540000_chunk134,True
AVA_-5KQ66BBWC4_s540000_e544000_chunk135,True
AVA_-5KQ66BBWC4_s544000_e548000_chunk136,False
AVA_-5KQ66BBWC4_s548000_e552000_chunk137,False
AVA_-5KQ66BBWC4_s552000_e556000_chunk138,False
AVA_-5KQ66BBWC4_s556000_e560000_chunk139,False
AVA_-5KQ66BBWC4_s560000_e564000_chunk140,False
AVA_-5KQ66BBWC4_s564000_e568000_chunk141,False
AVA_-5KQ66BBWC4_s568000_e572000_chunk142,False
AVA_-5KQ66BBWC4_s572000_e576000_chunk143,False
AVA_-5KQ66BBWC4_s576000_e580000_chunk144,False
AVA_-5KQ66BBWC4_s580000_e584000_chunk145,False
AVA_-5KQ66BBWC4_s584000_e588000_chunk146,False
AVA_-5KQ66BBWC4_s588000_e592000_chunk147,False
AVA_-5KQ66BBWC4_s592000_e596000_chunk148,False
AVA_-5KQ66BBWC4_s596000_e600000_chunk149,False
AVA_-5KQ66BBWC4_s600000_e604000_chunk150,False
AVA_-5KQ66BBWC4_s604000_e608000_chunk151,False
AVA_-5KQ66BBWC4_s608000_e612000_chunk152,False
AVA_-5KQ66BBWC4_s612000_e616000_chunk153,False
AVA_-5KQ66BBWC4_s616000_e620000_chunk154,False
AVA_-5KQ66BBWC4_s620000_e624000_chunk155,False
AVA_-5KQ66BBWC4_s624000_e628000_chunk156,False
AVA_-5KQ66BBWC4_s628000_e632000_chunk157,False
AVA_-5KQ66BBWC4_s632000_e636000_chunk158,False
AVA_-5KQ66BBWC4_s636000_e640000_chunk159,False
AVA_-5KQ66BBWC4_s640000_e644000_chunk160,False
AVA_-5KQ66BBWC4_s644000_e648000_chunk161,False
AVA_-5KQ66BBWC4_s648000_e652000_chunk162,False
AVA_-5KQ66BBWC4_s652000_e656000_chunk163,False
AVA_-5KQ66BBWC4_s656000_e660000_chunk164,False
AVA_-5KQ66BBWC4_s660000_e664000_chunk165,False
AVA_-5KQ66BBWC4_s664000_e668000_chunk166,False
AVA_-5KQ66BBWC4_s668000_e672000_chunk167,False
AVA_-5KQ66BBWC4_s672000_e676000_chunk168,False
AVA_-5KQ66BBWC4_s676000_e680000_chunk169,False
AVA_-5KQ66BBWC4_s680000_e684000_chunk170,False
AVA_-5KQ66BBWC4_s684000_e688000_chunk171,True
AVA_-5KQ66BBWC4_s688000_e692000_chunk172,True
AVA_-5KQ66BBWC4_s692000_e696000_chunk173,True
AVA_-5KQ66BBWC4_s696000_e700000_chunk174,True
AVA_-5KQ66BBWC4_s700000_e704000_chunk175,True
AVA_-5KQ66BBWC4_s704000_e708000_chunk176,True
AVA_-5KQ66BBWC4_s708000_e712000_chunk177,True
AVA_-5KQ66BBWC4_s712000_e716000_chunk178,True
AVA_-5KQ66BBWC4_s716000_e720000_chunk179,True
AVA_-5KQ66BBWC4_s720000_e724000_chunk180,False
AVA_-5KQ66BBWC4_s724000_e728000_chunk181,False
AVA_-5KQ66BBWC4_s728000_e732000_chunk182,False
AVA_-5KQ66BBWC4_s732000_e736000_chunk183,False
AVA_-5KQ66BBWC4_s736000_e740000_chunk184,False
AVA_-5KQ66BBWC4_s740000_e744000_chunk185,True
AVA_-5KQ66BBWC4_s744000_e748000_chunk186,True
AVA_-5KQ66BBWC4_s748000_e752000_chunk187,True
AVA_-5KQ66BBWC4_s752000_e756000_chunk188,True
AVA_-5KQ66BBWC4_s756000_e760000_chunk189,True
AVA_-5KQ66BBWC4_s760000_e764000_chunk190,True
AVA_-5KQ66BBWC4_s764000_e768000_chunk191,True
AVA_-5KQ66BBWC4_s768000_e772000_chunk192,True
AVA_-5KQ66BBWC4_s772000_e776000_chunk193,True
AVA_-5KQ66BBWC4_s776000_e780000_chunk194,True
AVA_-5KQ66BBWC4_s780000_e784000_chunk195,True
AVA_-5KQ66BBWC4_s784000_e788000_chunk196,False
AVA_-5KQ66BBWC4_s788000_e792000_chunk197,True
AVA_-5KQ66BBWC4_s792000_e796000_chunk198,True
AVA_-5KQ66BBWC4_s796000_e800000_chunk199,True
AVA_-5KQ66BBWC4_s800000_e804000_chunk200,True
AVA_-5KQ66BBWC4_s804000_e808000_chunk201,True
AVA_-5KQ66BBWC4_s808000_e812000_chunk202,False
AVA_-5KQ66BBWC4_s812000_e816000_chunk203,True
AVA_-5KQ66BBWC4_s816000_e820000_chunk204,True
AVA_-5KQ66BBWC4_s820000_e824000_chunk205,True
AVA_-5KQ66BBWC4_s824000_e828000_chunk206,True
AVA_-5KQ66BBWC4_s828000_e832000_chunk207,True
AVA_-5KQ66BBWC4_s832000_e836000_chunk208,True
AVA_-5KQ66BBWC4_s836000_e840000_chunk209,True
AVA_-5KQ66BBWC4_s840000_e844000_chunk210,False
AVA_-5KQ66BBWC4_s844000_e848000_chunk211,False
AVA_-5KQ66BBWC4_s848000_e852000_chunk212,False
AVA_-5KQ66BBWC4_s852000_e856000_chunk213,False
AVA_-5KQ66BBWC4_s856000_e860000_chunk214,False
AVA_-5KQ66BBWC4_s860000_e864000_chunk215,False
AVA_-5KQ66BBWC4_s864000_e868000_chunk216,False
AVA_-5KQ66BBWC4_s868000_e872000_chunk217,False
AVA_-5KQ66BBWC4_s872000_e876000_chunk218,False
AVA_-5KQ66BBWC4_s876000_e880000_chunk219,False
AVA_-5KQ66BBWC4_s880000_e884000_chunk220,False
AVA_-5KQ66BBWC4_s884000_e888000_chunk221,False
AVA_-5KQ66BBWC4_s888000_e892000_chunk222,False
AVA_-5KQ66BBWC4_s892000_e896000_chunk223,True
AVA_-5KQ66BBWC4_s896000_e900000_chunk224,True
AVA_5YPjcdLbs5g_s0_e4000_chunk0,True
AVA_5YPjcdLbs5g_s4000_e8000_chunk1,False
AVA_5YPjcdLbs5g_s8000_e12000_chunk2,True
AVA_5YPjcdLbs5g_s12000_e16000_chunk3,True
AVA_5YPjcdLbs5g_s16000_e20000_chunk4,True
AVA_5YPjcdLbs5g_s20000_e24000_chunk5,True
AVA_5YPjcdLbs5g_s24000_e28000_chunk6,True
AVA_5YPjcdLbs5g_s28000_e32000_chunk7,True
AVA_5YPjcdLbs5g_s32000_e36000_chunk8,True
AVA_5YPjcdLbs5g_s36000_e40000_chunk9,True
AVA_5YPjcdLbs5g_s40000_e44000_chunk10,True
AVA_5YPjcdLbs5g_s44000_e48000_chunk11,True
AVA_5YPjcdLbs5g_s48000_e52000_chunk12,True
AVA_5YPjcdLbs5g_s52000_e56000_chunk13,True
AVA_5YPjcdLbs5g_s56000_e60000_chunk14,True
AVA_5YPjcdLbs5g_s60000_e64000_chunk15,True
AVA_5YPjcdLbs5g_s64000_e68000_chunk16,True
AVA_5YPjcdLbs5g_s68000_e72000_chunk17,True
AVA_5YPjcdLbs5g_s72000_e76000_chunk18,True
AVA_5YPjcdLbs5g_s76000_e80000_chunk19,True
AVA_5YPjcdLbs5g_s80000_e84000_chunk20,True
AVA_5YPjcdLbs5g_s84000_e88000_chunk21,True
AVA_5YPjcdLbs5g_s88000_e92000_chunk22,True
AVA_5YPjcdLbs5g_s92000_e96000_chunk23,True
AVA_5YPjcdLbs5g_s96000_e100000_chunk24,True
AVA_5YPjcdLbs5g_s100000_e104000_chunk25,True
AVA_5YPjcdLbs5g_s104000_e108000_chunk26,True
AVA_5YPjcdLbs5g_s108000_e112000_chunk27,True
AVA_5YPjcdLbs5g_s112000_e116000_chunk28,True
AVA_5YPjcdLbs5g_s116000_e120000_chunk29,True
AVA_5YPjcdLbs5g_s120000_e124000_chunk30,True
AVA_5YPjcdLbs5g_s124000_e128000_chunk31,True
AVA_5YPjcdLbs5g_s128000_e132000_chunk32,True
AVA_5YPjcdLbs5g_s132000_e136000_chunk33,True
AVA_5YPjcdLbs5g_s136000_e140000_chunk34,True
AVA_5YPjcdLbs5g_s140000_e144000_chunk35,True
AVA_5YPjcdLbs5g_s144000_e148000_chunk36,True
AVA_5YPjcdLbs5g_s148000_e152000_chunk37,False
AVA_5YPjcdLbs5g_s152000_e156000_chunk38,True
AVA_5YPjcdLbs5g_s156000_e160000_chunk39,True
AVA_5YPjcdLbs5g_s160000_e164000_chunk40,True
AVA_5YPjcdLbs5g_s164000_e168000_chunk41,True
AVA_5YPjcdLbs5g_s168000_e172000_chunk42,True
AVA_5YPjcdLbs5g_s172000_e176000_chunk43,True
AVA_5YPjcdLbs5g_s176000_e180000_chunk44,True
AVA_5YPjcdLbs5g_s180000_e184000_chunk45,True
AVA_5YPjcdLbs5g_s184000_e188000_chunk46,True
AVA_5YPjcdLbs5g_s188000_e192000_chunk47,True
AVA_5YPjcdLbs5g_s192000_e196000_chunk48,True
AVA_5YPjcdLbs5g_s196000_e200000_chunk49,True
AVA_5YPjcdLbs5g_s200000_e204000_chunk50,True
AVA_5YPjcdLbs5g_s204000_e208000_chunk51,True
AVA_5YPjcdLbs5g_s208000_e212000_chunk52,True
AVA_5YPjcdLbs5g_s212000_e216000_chunk53,True
AVA_5YPjcdLbs5g_s216000_e220000_chunk54,True
AVA_5YPjcdLbs5g_s220000_e224000_chunk55,True
AVA_5YPjcdLbs5g_s224000_e228000_chunk56,True
AVA_5YPjcdLbs5g_s228000_e232000_chunk57,True
AVA_5YPjcdLbs5g_s232000_e236000_chunk58,True
AVA_5YPjcdLbs5g_s236000_e240000_chunk59,True
AVA_5YPjcdLbs5g_s240000_e244000_chunk60,True
AVA_5YPjcdLbs5g_s244000_e248000_chunk61,True
AVA_5YPjcdLbs5g_s248000_e252000_chunk62,True
AVA_5YPjcdLbs5g_s252000_e256000_chunk63,True
AVA_5YPjcdLbs5g_s256000_e260000_chunk64,True
AVA_5YPjcdLbs5g_s260000_e264000_chunk65,True
AVA_5YPjcdLbs5g_s264000_e268000_chunk66,True
AVA_5YPjcdLbs5g_s268000_e272000_chunk67,True
AVA_5YPjcdLbs5g_s272000_e276000_chunk68,True
AVA_5YPjcdLbs5g_s276000_e280000_chunk69,True
AVA_5YPjcdLbs5g_s280000_e284000_chunk70,True
AVA_5YPjcdLbs5g_s284000_e288000_chunk71,True
AVA_5YPjcdLbs5g_s288000_e292000_chunk72,False
AVA_5YPjcdLbs5g_s292000_e296000_chunk73,False
AVA_5YPjcdLbs5g_s296000_e300000_chunk74,False
AVA_5YPjcdLbs5g_s300000_e304000_chunk75,True
AVA_5YPjcdLbs5g_s304000_e308000_chunk76,True
AVA_5YPjcdLbs5g_s308000_e312000_chunk77,True
AVA_5YPjcdLbs5g_s312000_e316000_chunk78,True
AVA_5YPjcdLbs5g_s316000_e320000_chunk79,True
AVA_5YPjcdLbs5g_s320000_e324000_chunk80,True
AVA_5YPjcdLbs5g_s324000_e328000_chunk81,True
AVA_5YPjcdLbs5g_s328000_e332000_chunk82,True
AVA_5YPjcdLbs5g_s332000_e336000_chunk83,True
AVA_5YPjcdLbs5g_s336000_e340000_chunk84,True
AVA_5YPjcdLbs5g_s340000_e344000_chunk85,True
AVA_5YPjcdLbs5g_s344000_e348000_chunk86,True
AVA_5YPjcdLbs5g_s348000_e352000_chunk87,True
AVA_5YPjcdLbs5g_s352000_e356000_chunk88,True
AVA_5YPjcdLbs5g_s356000_e360000_chunk89,True
AVA_5YPjcdLbs5g_s360000_e364000_chunk90,True
AVA_5YPjcdLbs5g_s364000_e368000_chunk91,True
AVA_5YPjcdLbs5g_s368000_e372000_chunk92,True
AVA_5YPjcdLbs5g_s372000_e376000_chunk93,True
AVA_5YPjcdLbs5g_s376000_e380000_chunk94,True
AVA_5YPjcdLbs5g_s380000_e384000_chunk95,False
AVA_5YPjcdLbs5g_s384000_e388000_chunk96,False
AVA_5YPjcdLbs5g_s388000_e392000_chunk97,False
AVA_5YPjcdLbs5g_s392000_e396000_chunk98,False
AVA_5YPjcdLbs5g_s396000_e400000_chunk99,False
AVA_5YPjcdLbs5g_s400000_e404000_chunk100,False
AVA_5YPjcdLbs5g_s404000_e408000_chunk101,False
AVA_5YPjcdLbs5g_s408000_e412000_chunk102,False
AVA_5YPjcdLbs5g_s412000_e416000_chunk103,False
AVA_5YPjcdLbs5g_s416000_e420000_chunk104,False
AVA_5YPjcdLbs5g_s420000_e424000_chunk105,False
AVA_5YPjcdLbs5g_s424000_e428000_chunk106,True
AVA_5YPjcdLbs5g_s428000_e432000_chunk107,True
AVA_5YPjcdLbs5g_s432000_e436000_chunk108,True
AVA_5YPjcdLbs5g_s436000_e440000_chunk109,True
AVA_5YPjcdLbs5g_s440000_e444000_chunk110,True
AVA_5YPjcdLbs5g_s444000_e448000_chunk111,True
AVA_5YPjcdLbs5g_s448000_e452000_chunk112,False
AVA_5YPjcdLbs5g_s452000_e456000_chunk113,True
AVA_5YPjcdLbs5g_s456000_e460000_chunk114,True
AVA_5YPjcdLbs5g_s460000_e464000_chunk115,True
AVA_5YPjcdLbs5g_s464000_e468000_chunk116,True
AVA_5YPjcdLbs5g_s468000_e472000_chunk117,False
AVA_5YPjcdLbs5g_s472000_e476000_chunk118,False
AVA_5YPjcdLbs5g_s476000_e480000_chunk119,False
AVA_5YPjcdLbs5g_s480000_e484000_chunk120,False
AVA_5YPjcdLbs5g_s484000_e488000_chunk121,False
AVA_5YPjcdLbs5g_s488000_e492000_chunk122,False
AVA_5YPjcdLbs5g_s492000_e496000_chunk123,False
AVA_5YPjcdLbs5g_s496000_e500000_chunk124,False
AVA_5YPjcdLbs5g_s500000_e504000_chunk125,False
AVA_5YPjcdLbs5g_s504000_e508000_chunk126,False
AVA_5YPjcdLbs5g_s508000_e512000_chunk127,True
AVA_5YPjcdLbs5g_s512000_e516000_chunk128,False
AVA_5YPjcdLbs5g_s516000_e520000_chunk129,False
AVA_5YPjcdLbs5g_s520000_e524000_chunk130,True
AVA_5YPjcdLbs5g_s524000_e528000_chunk131,True
AVA_5YPjcdLbs5g_s528000_e532000_chunk132,True
AVA_5YPjcdLbs5g_s532000_e536000_chunk133,True
AVA_5YPjcdLbs5g_s536000_e540000_chunk134,True
AVA_5YPjcdLbs5g_s540000_e544000_chunk135,True
AVA_5YPjcdLbs5g_s544000_e548000_chunk136,True
AVA_5YPjcdLbs5g_s548000_e552000_chunk137,True
AVA_5YPjcdLbs5g_s552000_e556000_chunk138,True
AVA_5YPjcdLbs5g_s556000_e560000_chunk139,True
AVA_5YPjcdLbs5g_s560000_e564000_chunk140,True
AVA_5YPjcdLbs5g_s564000_e568000_chunk141,True
AVA_5YPjcdLbs5g_s568000_e572000_chunk142,True
AVA_5YPjcdLbs5g_s572000_e576000_chunk143,True
AVA_5YPjcdLbs5g_s576000_e580000_chunk144,True
AVA_5YPjcdLbs5g_s580000_e584000_chunk145,True
AVA_5YPjcdLbs5g_s584000_e588000_chunk146,True
AVA_5YPjcdLbs5g_s588000_e592000_chunk147,True
AVA_5YPjcdLbs5g_s592000_e596000_chunk148,True
AVA_5YPjcdLbs5g_s596000_e600000_chunk149,True
AVA_5YPjcdLbs5g_s600000_e604000_chunk150,True
AVA_5YPjcdLbs5g_s604000_e608000_chunk151,True
AVA_5YPjcdLbs5g_s608000_e612000_chunk152,True
AVA_5YPjcdLbs5g_s612000_e616000_chunk153,True
AVA_5YPjcdLbs5g_s616000_e620000_chunk154,True
AVA_5YPjcdLbs5g_s620000_e624000_chunk155,True
AVA_5YPjcdLbs5g_s624000_e628000_chunk156,True
AVA_5YPjcdLbs5g_s628000_e632000_chunk157,True
AVA_5YPjcdLbs5g_s632000_e636000_chunk158,True
AVA_5YPjcdLbs5g_s636000_e640000_chunk159,True
AVA_5YPjcdLbs5g_s640000_e644000_chunk160,True
AVA_5YPjcdLbs5g_s644000_e648000_chunk161,True
AVA_5YPjcdLbs5g_s648000_e652000_chunk162,True
AVA_5YPjcdLbs5g_s652000_e656000_chunk163,True
AVA_5YPjcdLbs5g_s656000_e660000_chunk164,True
AVA_5YPjcdLbs5g_s660000_e664000_chunk165,True
AVA_5YPjcdLbs5g_s664000_e668000_chunk166,True
AVA_5YPjcdLbs5g_s668000_e672000_chunk167,True
AVA_5YPjcdLbs5g_s672000_e676000_chunk168,True
AVA_5YPjcdLbs5g_s676000_e680000_chunk169,True
AVA_5YPjcdLbs5g_s680000_e684000_chunk170,True
AVA_5YPjcdLbs5g_s684000_e688000_chunk171,True
AVA_5YPjcdLbs5g_s688000_e692000_chunk172,True
AVA_5YPjcdLbs5g_s692000_e696000_chunk173,True
AVA_5YPjcdLbs5g_s696000_e700000_chunk174,True
AVA_5YPjcdLbs5g_s700000_e704000_chunk175,True
AVA_5YPjcdLbs5g_s704000_e708000_chunk176,True
AVA_5YPjcdLbs5g_s708000_e712000_chunk177,True
AVA_5YPjcdLbs5g_s712000_e716000_chunk178,True
AVA_5YPjcdLbs5g_s716000_e720000_chunk179,True
AVA_5YPjcdLbs5g_s720000_e724000_chunk180,True
AVA_5YPjcdLbs5g_s724000_e728000_chunk181,True
AVA_5YPjcdLbs5g_s728000_e732000_chunk182,True
AVA_5YPjcdLbs5g_s732000_e736000_chunk183,True
AVA_5YPjcdLbs5g_s736000_e740000_chunk184,True
AVA_5YPjcdLbs5g_s740000_e744000_chunk185,True
AVA_5YPjcdLbs5g_s744000_e748000_chunk186,True
AVA_5YPjcdLbs5g_s748000_e752000_chunk187,True
AVA_5YPjcdLbs5g_s752000_e756000_chunk188,True
AVA_5YPjcdLbs5g_s756000_e760000_chunk189,True
AVA_5YPjcdLbs5g_s760000_e764000_chunk190,True
AVA_5YPjcdLbs5g_s764000_e768000_chunk191,True
AVA_5YPjcdLbs5g_s768000_e772000_chunk192,True
AVA_5YPjcdLbs5g_s772000_e776000_chunk193,True
AVA_5YPjcdLbs5g_s776000_e780000_chunk194,True
AVA_5YPjcdLbs5g_s780000_e784000_chunk195,True
AVA_5YPjcdLbs5g_s784000_e788000_chunk196,False
AVA_5YPjcdLbs5g_s788000_e792000_chunk197,False
AVA_5YPjcdLbs5g_s792000_e796000_chunk198,False
AVA_5YPjcdLbs5g_s796000_e800000_chunk199,False
AVA_5YPjcdLbs5g_s800000_e804000_chunk200,False
AVA_5YPjcdLbs5g_s804000_e808000_chunk201,True
AVA_5YPjcdLbs5g_s808000_e812000_chunk202,False
AVA_5YPjcdLbs5g_s812000_e816000_chunk203,False
AVA_5YPjcdLbs5g_s816000_e820000_chunk204,True
AVA_5YPjcdLbs5g_s820000_e824000_chunk205,False
AVA_5YPjcdLbs5g_s824000_e828000_chunk206,False
AVA_5YPjcdLbs5g_s828000_e832000_chunk207,False
AVA_5YPjcdLbs5g_s832000_e836000_chunk208,False
AVA_5YPjcdLbs5g_s836000_e840000_chunk209,True
AVA_5YPjcdLbs5g_s840000_e844000_chunk210,True
AVA_5YPjcdLbs5g_s844000_e848000_chunk211,True
AVA_5YPjcdLbs5g_s848000_e852000_chunk212,True
AVA_5YPjcdLbs5g_s852000_e856000_chunk213,True
AVA_5YPjcdLbs5g_s856000_e860000_chunk214,True
AVA_5YPjcdLbs5g_s860000_e864000_chunk215,True
AVA_5YPjcdLbs5g_s864000_e868000_chunk216,True
AVA_5YPjcdLbs5g_s868000_e872000_chunk217,True
AVA_5YPjcdLbs5g_s872000_e876000_chunk218,True
AVA_5YPjcdLbs5g_s876000_e880000_chunk219,True
AVA_5YPjcdLbs5g_s880000_e884000_chunk220,True
AVA_5YPjcdLbs5g_s884000_e888000_chunk221,True
AVA_5YPjcdLbs5g_s888000_e892000_chunk222,True
AVA_5YPjcdLbs5g_s892000_e896000_chunk223,True
AVA_5YPjcdLbs5g_s896000_e900000_chunk224,True
AVA_-FaXLcSFjUI_s0_e4000_chunk0,True
AVA_-FaXLcSFjUI_s4000_e8000_chunk1,True
AVA_-FaXLcSFjUI_s8000_e12000_chunk2,True
AVA_-FaXLcSFjUI_s12000_e16000_chunk3,True
AVA_-FaXLcSFjUI_s16000_e20000_chunk4,True
AVA_-FaXLcSFjUI_s20000_e24000_chunk5,True
AVA_-FaXLcSFjUI_s24000_e28000_chunk6,True
AVA_-FaXLcSFjUI_s28000_e32000_chunk7,True
AVA_-FaXLcSFjUI_s32000_e36000_chunk8,True
AVA_-FaXLcSFjUI_s36000_e40000_chunk9,True
AVA_-FaXLcSFjUI_s40000_e44000_chunk10,True
AVA_-FaXLcSFjUI_s44000_e48000_chunk11,True
AVA_-FaXLcSFjUI_s48000_e52000_chunk12,True
AVA_-FaXLcSFjUI_s52000_e56000_chunk13,True
AVA_-FaXLcSFjUI_s56000_e60000_chunk14,False
AVA_-FaXLcSFjUI_s60000_e64000_chunk15,False
AVA_-FaXLcSFjUI_s64000_e68000_chunk16,False
AVA_-FaXLcSFjUI_s68000_e72000_chunk17,False
AVA_-FaXLcSFjUI_s72000_e76000_chunk18,False
AVA_-FaXLcSFjUI_s76000_e80000_chunk19,False
AVA_-FaXLcSFjUI_s80000_e84000_chunk20,False
AVA_-FaXLcSFjUI_s84000_e88000_chunk21,False
AVA_-FaXLcSFjUI_s88000_e92000_chunk22,False
AVA_-FaXLcSFjUI_s92000_e96000_chunk23,False
AVA_-FaXLcSFjUI_s96000_e100000_chunk24,False
AVA_-FaXLcSFjUI_s100000_e104000_chunk25,False
AVA_-FaXLcSFjUI_s104000_e108000_chunk26,False
AVA_-FaXLcSFjUI_s108000_e112000_chunk27,False
AVA_-FaXLcSFjUI_s112000_e116000_chunk28,False
AVA_-FaXLcSFjUI_s116000_e120000_chunk29,False
AVA_-FaXLcSFjUI_s120000_e124000_chunk30,False
AVA_-FaXLcSFjUI_s124000_e128000_chunk31,False
AVA_-FaXLcSFjUI_s128000_e132000_chunk32,False
AVA_-FaXLcSFjUI_s132000_e136000_chunk33,False
AVA_-FaXLcSFjUI_s136000_e140000_chunk34,False
AVA_-FaXLcSFjUI_s140000_e144000_chunk35,False
AVA_-FaXLcSFjUI_s144000_e148000_chunk36,False
AVA_-FaXLcSFjUI_s148000_e152000_chunk37,False
AVA_-FaXLcSFjUI_s152000_e156000_chunk38,False
AVA_-FaXLcSFjUI_s156000_e160000_chunk39,False
AVA_-FaXLcSFjUI_s160000_e164000_chunk40,False
AVA_-FaXLcSFjUI_s164000_e168000_chunk41,False
AVA_-FaXLcSFjUI_s168000_e172000_chunk42,False
AVA_-FaXLcSFjUI_s172000_e176000_chunk43,False
AVA_-FaXLcSFjUI_s176000_e180000_chunk44,False
AVA_-FaXLcSFjUI_s180000_e184000_chunk45,False
AVA_-FaXLcSFjUI_s184000_e188000_chunk46,False
AVA_-FaXLcSFjUI_s188000_e192000_chunk47,False
AVA_-FaXLcSFjUI_s192000_e196000_chunk48,False
AVA_-FaXLcSFjUI_s196000_e200000_chunk49,False
AVA_-FaXLcSFjUI_s200000_e204000_chunk50,False
AVA_-FaXLcSFjUI_s204000_e208000_chunk51,False
AVA_-FaXLcSFjUI_s208000_e212000_chunk52,True
AVA_-FaXLcSFjUI_s212000_e216000_chunk53,True
AVA_-FaXLcSFjUI_s216000_e220000_chunk54,True
AVA_-FaXLcSFjUI_s220000_e224000_chunk55,True
AVA_-FaXLcSFjUI_s224000_e228000_chunk56,True
AVA_-FaXLcSFjUI_s228000_e232000_chunk57,True
AVA_-FaXLcSFjUI_s232000_e236000_chunk58,True
AVA_-FaXLcSFjUI_s236000_e240000_chunk59,True
AVA_-FaXLcSFjUI_s240000_e244000_chunk60,True
AVA_-FaXLcSFjUI_s244000_e248000_chunk61,True
AVA_-FaXLcSFjUI_s248000_e252000_chunk62,True
AVA_-FaXLcSFjUI_s252000_e256000_chunk63,True
AVA_-FaXLcSFjUI_s256000_e260000_chunk64,True
AVA_-FaXLcSFjUI_s260000_e264000_chunk65,True
AVA_-FaXLcSFjUI_s264000_e268000_chunk66,False
AVA_-FaXLcSFjUI_s268000_e272000_chunk67,False
AVA_-FaXLcSFjUI_s272000_e276000_chunk68,False
AVA_-FaXLcSFjUI_s276000_e280000_chunk69,False
AVA_-FaXLcSFjUI_s280000_e284000_chunk70,False
AVA_-FaXLcSFjUI_s284000_e288000_chunk71,False
AVA_-FaXLcSFjUI_s288000_e292000_chunk72,False
AVA_-FaXLcSFjUI_s292000_e296000_chunk73,False
AVA_-FaXLcSFjUI_s296000_e300000_chunk74,False
AVA_-FaXLcSFjUI_s300000_e304000_chunk75,False
AVA_-FaXLcSFjUI_s304000_e308000_chunk76,False
AVA_-FaXLcSFjUI_s308000_e312000_chunk77,False
AVA_-FaXLcSFjUI_s312000_e316000_chunk78,False
AVA_-FaXLcSFjUI_s316000_e320000_chunk79,False
AVA_-FaXLcSFjUI_s320000_e324000_chunk80,False
AVA_-FaXLcSFjUI_s324000_e328000_chunk81,False
AVA_-FaXLcSFjUI_s328000_e332000_chunk82,False
AVA_-FaXLcSFjUI_s332000_e336000_chunk83,False
AVA_-FaXLcSFjUI_s336000_e340000_chunk84,False
AVA_-FaXLcSFjUI_s340000_e344000_chunk85,False
AVA_-FaXLcSFjUI_s344000_e348000_chunk86,False
AVA_-FaXLcSFjUI_s348000_e352000_chunk87,False
AVA_-FaXLcSFjUI_s352000_e356000_chunk88,False
AVA_-FaXLcSFjUI_s356000_e360000_chunk89,False
AVA_-FaXLcSFjUI_s360000_e364000_chunk90,False
AVA_-FaXLcSFjUI_s364000_e368000_chunk91,True
AVA_-FaXLcSFjUI_s368000_e372000_chunk92,True
AVA_-FaXLcSFjUI_s372000_e376000_chunk93,True
AVA_-FaXLcSFjUI_s376000_e380000_chunk94,False
AVA_-FaXLcSFjUI_s380000_e384000_chunk95,False
AVA_-FaXLcSFjUI_s384000_e388000_chunk96,False
AVA_-FaXLcSFjUI_s388000_e392000_chunk97,False
AVA_-FaXLcSFjUI_s392000_e396000_chunk98,False
AVA_-FaXLcSFjUI_s396000_e400000_chunk99,False
AVA_-FaXLcSFjUI_s400000_e404000_chunk100,False
AVA_-FaXLcSFjUI_s404000_e408000_chunk101,False
AVA_-FaXLcSFjUI_s408000_e412000_chunk102,False
AVA_-FaXLcSFjUI_s412000_e416000_chunk103,False
AVA_-FaXLcSFjUI_s416000_e420000_chunk104,False
AVA_-FaXLcSFjUI_s420000_e424000_chunk105,False
AVA_-FaXLcSFjUI_s424000_e428000_chunk106,True
AVA_-FaXLcSFjUI_s428000_e432000_chunk107,False
AVA_-FaXLcSFjUI_s432000_e436000_chunk108,False
AVA_-FaXLcSFjUI_s436000_e440000_chunk109,False
AVA_-FaXLcSFjUI_s440000_e444000_chunk110,False
AVA_-FaXLcSFjUI_s444000_e448000_chunk111,False
AVA_-FaXLcSFjUI_s448000_e452000_chunk112,False
AVA_-FaXLcSFjUI_s452000_e456000_chunk113,False
AVA_-FaXLcSFjUI_s456000_e460000_chunk114,False
AVA_-FaXLcSFjUI_s460000_e464000_chunk115,False
AVA_-FaXLcSFjUI_s464000_e468000_chunk116,False
AVA_-FaXLcSFjUI_s468000_e472000_chunk117,False
AVA_-FaXLcSFjUI_s472000_e476000_chunk118,False
AVA_-FaXLcSFjUI_s476000_e480000_chunk119,False
AVA_-FaXLcSFjUI_s480000_e484000_chunk120,False
AVA_-FaXLcSFjUI_s484000_e488000_chunk121,True
AVA_-FaXLcSFjUI_s488000_e492000_chunk122,True
AVA_-FaXLcSFjUI_s492000_e496000_chunk123,True
AVA_-FaXLcSFjUI_s496000_e500000_chunk124,True
AVA_-FaXLcSFjUI_s500000_e504000_chunk125,False
AVA_-FaXLcSFjUI_s504000_e508000_chunk126,True
AVA_-FaXLcSFjUI_s508000_e512000_chunk127,True
AVA_-FaXLcSFjUI_s512000_e516000_chunk128,True
AVA_-FaXLcSFjUI_s516000_e520000_chunk129,True
AVA_-FaXLcSFjUI_s520000_e524000_chunk130,False
AVA_-FaXLcSFjUI_s524000_e528000_chunk131,False
AVA_-FaXLcSFjUI_s528000_e532000_chunk132,False
AVA_-FaXLcSFjUI_s532000_e536000_chunk133,True
AVA_-FaXLcSFjUI_s536000_e540000_chunk134,False
AVA_-FaXLcSFjUI_s540000_e544000_chunk135,False
AVA_-FaXLcSFjUI_s544000_e548000_chunk136,False
AVA_-FaXLcSFjUI_s548000_e552000_chunk137,False
AVA_-FaXLcSFjUI_s552000_e556000_chunk138,False
AVA_-FaXLcSFjUI_s556000_e560000_chunk139,False
AVA_-FaXLcSFjUI_s560000_e564000_chunk140,True
AVA_-FaXLcSFjUI_s564000_e568000_chunk141,False
AVA_-FaXLcSFjUI_s568000_e572000_chunk142,False
AVA_-FaXLcSFjUI_s572000_e576000_chunk143,False
AVA_-FaXLcSFjUI_s576000_e580000_chunk144,False
AVA_-FaXLcSFjUI_s580000_e584000_chunk145,False
AVA_-FaXLcSFjUI_s584000_e588000_chunk146,False
AVA_-FaXLcSFjUI_s588000_e592000_chunk147,True
AVA_-FaXLcSFjUI_s592000_e596000_chunk148,True
AVA_-FaXLcSFjUI_s596000_e600000_chunk149,True
AVA_-FaXLcSFjUI_s600000_e604000_chunk150,False
AVA_-FaXLcSFjUI_s604000_e608000_chunk151,False
AVA_-FaXLcSFjUI_s608000_e612000_chunk152,False
AVA_-FaXLcSFjUI_s612000_e616000_chunk153,False
AVA_-FaXLcSFjUI_s616000_e620000_chunk154,False
AVA_-FaXLcSFjUI_s620000_e624000_chunk155,False
AVA_-FaXLcSFjUI_s624000_e628000_chunk156,False
AVA_-FaXLcSFjUI_s628000_e632000_chunk157,False
AVA_-FaXLcSFjUI_s632000_e636000_chunk158,False
AVA_-FaXLcSFjUI_s636000_e640000_chunk159,False
AVA_-FaXLcSFjUI_s640000_e644000_chunk160,False
AVA_-FaXLcSFjUI_s644000_e648000_chunk161,False
AVA_-FaXLcSFjUI_s648000_e652000_chunk162,False
AVA_-FaXLcSFjUI_s652000_e656000_chunk163,False
AVA_-FaXLcSFjUI_s656000_e660000_chunk164,False
AVA_-FaXLcSFjUI_s660000_e664000_chunk165,False
AVA_-FaXLcSFjUI_s664000_e668000_chunk166,False
AVA_-FaXLcSFjUI_s668000_e672000_chunk167,False
AVA_-FaXLcSFjUI_s672000_e676000_chunk168,True
AVA_-FaXLcSFjUI_s676000_e680000_chunk169,True
AVA_-FaXLcSFjUI_s680000_e684000_chunk170,True
AVA_-FaXLcSFjUI_s684000_e688000_chunk171,True
AVA_-FaXLcSFjUI_s688000_e692000_chunk172,True
AVA_-FaXLcSFjUI_s692000_e696000_chunk173,True
AVA_-FaXLcSFjUI_s696000_e700000_chunk174,True
AVA_-FaXLcSFjUI_s700000_e704000_chunk175,False
AVA_-FaXLcSFjUI_s704000_e708000_chunk176,False
AVA_-FaXLcSFjUI_s708000_e712000_chunk177,True
AVA_-FaXLcSFjUI_s712000_e716000_chunk178,False
AVA_-FaXLcSFjUI_s716000_e720000_chunk179,True
AVA_-FaXLcSFjUI_s720000_e724000_chunk180,True
AVA_-FaXLcSFjUI_s724000_e728000_chunk181,False
AVA_-FaXLcSFjUI_s728000_e732000_chunk182,False
AVA_-FaXLcSFjUI_s732000_e736000_chunk183,True
AVA_-FaXLcSFjUI_s736000_e740000_chunk184,True
AVA_-FaXLcSFjUI_s740000_e744000_chunk185,True
AVA_-FaXLcSFjUI_s744000_e748000_chunk186,False
AVA_-FaXLcSFjUI_s748000_e752000_chunk187,False
AVA_-FaXLcSFjUI_s752000_e756000_chunk188,False
AVA_-FaXLcSFjUI_s756000_e760000_chunk189,False
AVA_-FaXLcSFjUI_s760000_e764000_chunk190,False
AVA_-FaXLcSFjUI_s764000_e768000_chunk191,False
AVA_-FaXLcSFjUI_s768000_e772000_chunk192,False
AVA_-FaXLcSFjUI_s772000_e776000_chunk193,False
AVA_-FaXLcSFjUI_s776000_e780000_chunk194,False
AVA_-FaXLcSFjUI_s780000_e784000_chunk195,False
AVA_-FaXLcSFjUI_s784000_e788000_chunk196,False
AVA_-FaXLcSFjUI_s788000_e792000_chunk197,True
AVA_-FaXLcSFjUI_s792000_e796000_chunk198,True
AVA_-FaXLcSFjUI_s796000_e800000_chunk199,False
AVA_-FaXLcSFjUI_s800000_e804000_chunk200,False
AVA_-FaXLcSFjUI_s804000_e808000_chunk201,True
AVA_-FaXLcSFjUI_s808000_e812000_chunk202,True
AVA_-FaXLcSFjUI_s812000_e816000_chunk203,True
AVA_-FaXLcSFjUI_s816000_e820000_chunk204,True
AVA_-FaXLcSFjUI_s820000_e824000_chunk205,True
AVA_-FaXLcSFjUI_s824000_e828000_chunk206,True
AVA_-FaXLcSFjUI_s828000_e832000_chunk207,False
AVA_-FaXLcSFjUI_s832000_e836000_chunk208,False
AVA_-FaXLcSFjUI_s836000_e840000_chunk209,False
AVA_-FaXLcSFjUI_s840000_e844000_chunk210,False
AVA_-FaXLcSFjUI_s844000_e848000_chunk211,False
AVA_-FaXLcSFjUI_s848000_e852000_chunk212,False
AVA_-FaXLcSFjUI_s852000_e856000_chunk213,False
AVA_-FaXLcSFjUI_s856000_e860000_chunk214,False
AVA_-FaXLcSFjUI_s860000_e864000_chunk215,True
AVA_-FaXLcSFjUI_s864000_e868000_chunk216,True
AVA_-FaXLcSFjUI_s868000_e872000_chunk217,False
AVA_-FaXLcSFjUI_s872000_e876000_chunk218,False
AVA_-FaXLcSFjUI_s876000_e880000_chunk219,False
AVA_-FaXLcSFjUI_s880000_e884000_chunk220,False
AVA_-FaXLcSFjUI_s884000_e888000_chunk221,False
AVA_-FaXLcSFjUI_s888000_e892000_chunk222,False
AVA_-FaXLcSFjUI_s892000_e896000_chunk223,False
AVA_-FaXLcSFjUI_s896000_e900000_chunk224,False
AVA_-IELREHX_js_s0_e4000_chunk0,False
AVA_-IELREHX_js_s4000_e8000_chunk1,True
AVA_-IELREHX_js_s8000_e12000_chunk2,True
AVA_-IELREHX_js_s12000_e16000_chunk3,True
AVA_-IELREHX_js_s16000_e20000_chunk4,True
AVA_-IELREHX_js_s20000_e24000_chunk5,True
AVA_-IELREHX_js_s24000_e28000_chunk6,True
AVA_-IELREHX_js_s28000_e32000_chunk7,True
AVA_-IELREHX_js_s32000_e36000_chunk8,False
AVA_-IELREHX_js_s36000_e40000_chunk9,True
AVA_-IELREHX_js_s40000_e44000_chunk10,True
AVA_-IELREHX_js_s44000_e48000_chunk11,True
AVA_-IELREHX_js_s48000_e52000_chunk12,True
AVA_-IELREHX_js_s52000_e56000_chunk13,True
AVA_-IELREHX_js_s56000_e60000_chunk14,True
AVA_-IELREHX_js_s60000_e64000_chunk15,True
AVA_-IELREHX_js_s64000_e68000_chunk16,True
AVA_-IELREHX_js_s68000_e72000_chunk17,False
AVA_-IELREHX_js_s72000_e76000_chunk18,True
AVA_-IELREHX_js_s76000_e80000_chunk19,True
AVA_-IELREHX_js_s80000_e84000_chunk20,True
AVA_-IELREHX_js_s84000_e88000_chunk21,True
AVA_-IELREHX_js_s88000_e92000_chunk22,True
AVA_-IELREHX_js_s92000_e96000_chunk23,True
AVA_-IELREHX_js_s96000_e100000_chunk24,True
AVA_-IELREHX_js_s100000_e104000_chunk25,True
AVA_-IELREHX_js_s104000_e108000_chunk26,True
AVA_-IELREHX_js_s108000_e112000_chunk27,True
AVA_-IELREHX_js_s112000_e116000_chunk28,True
AVA_-IELREHX_js_s116000_e120000_chunk29,True
AVA_-IELREHX_js_s120000_e124000_chunk30,True
AVA_-IELREHX_js_s124000_e128000_chunk31,True
AVA_-IELREHX_js_s128000_e132000_chunk32,True
AVA_-IELREHX_js_s132000_e136000_chunk33,True
AVA_-IELREHX_js_s136000_e140000_chunk34,True
AVA_-IELREHX_js_s140000_e144000_chunk35,True
AVA_-IELREHX_js_s144000_e148000_chunk36,True
AVA_-IELREHX_js_s148000_e152000_chunk37,True
AVA_-IELREHX_js_s152000_e156000_chunk38,True
AVA_-IELREHX_js_s156000_e160000_chunk39,True
AVA_-IELREHX_js_s160000_e164000_chunk40,True
AVA_-IELREHX_js_s164000_e168000_chunk41,False
AVA_-IELREHX_js_s168000_e172000_chunk42,False
AVA_-IELREHX_js_s172000_e176000_chunk43,False
AVA_-IELREHX_js_s176000_e180000_chunk44,False
AVA_-IELREHX_js_s180000_e184000_chunk45,False
AVA_-IELREHX_js_s184000_e188000_chunk46,False
AVA_-IELREHX_js_s188000_e192000_chunk47,False
AVA_-IELREHX_js_s192000_e196000_chunk48,False
AVA_-IELREHX_js_s196000_e200000_chunk49,False
AVA_-IELREHX_js_s200000_e204000_chunk50,False
AVA_-IELREHX_js_s204000_e208000_chunk51,False
AVA_-IELREHX_js_s208000_e212000_chunk52,False
AVA_-IELREHX_js_s212000_e216000_chunk53,False
AVA_-IELREHX_js_s216000_e220000_chunk54,False
AVA_-IELREHX_js_s220000_e224000_chunk55,False
AVA_-IELREHX_js_s224000_e228000_chunk56,True
AVA_-IELREHX_js_s228000_e232000_chunk57,True
AVA_-IELREHX_js_s232000_e236000_chunk58,True
AVA_-IELREHX_js_s236000_e240000_chunk59,False
AVA_-IELREHX_js_s240000_e244000_chunk60,True
AVA_-IELREHX_js_s244000_e248000_chunk61,True
AVA_-IELREHX_js_s248000_e252000_chunk62,True
AVA_-IELREHX_js_s252000_e256000_chunk63,True
AVA_-IELREHX_js_s256000_e260000_chunk64,True
AVA_-IELREHX_js_s260000_e264000_chunk65,True
AVA_-IELREHX_js_s264000_e268000_chunk66,False
AVA_-IELREHX_js_s268000_e272000_chunk67,True
AVA_-IELREHX_js_s272000_e276000_chunk68,True
AVA_-IELREHX_js_s276000_e280000_chunk69,True
AVA_-IELREHX_js_s280000_e284000_chunk70,True
AVA_-IELREHX_js_s284000_e288000_chunk71,True
AVA_-IELREHX_js_s288000_e292000_chunk72,True
AVA_-IELREHX_js_s292000_e296000_chunk73,True
AVA_-IELREHX_js_s296000_e300000_chunk74,False
AVA_-IELREHX_js_s300000_e304000_chunk75,False
AVA_-IELREHX_js_s304000_e308000_chunk76,False
AVA_-IELREHX_js_s308000_e312000_chunk77,True
AVA_-IELREHX_js_s312000_e316000_chunk78,True
AVA_-IELREHX_js_s316000_e320000_chunk79,True
AVA_-IELREHX_js_s320000_e324000_chunk80,True
AVA_-IELREHX_js_s324000_e328000_chunk81,True
AVA_-IELREHX_js_s328000_e332000_chunk82,True
AVA_-IELREHX_js_s332000_e336000_chunk83,False
AVA_-IELREHX_js_s336000_e340000_chunk84,False
AVA_-IELREHX_js_s340000_e344000_chunk85,False
AVA_-IELREHX_js_s344000_e348000_chunk86,False
AVA_-IELREHX_js_s348000_e352000_chunk87,False
AVA_-IELREHX_js_s352000_e356000_chunk88,False
AVA_-IELREHX_js_s356000_e360000_chunk89,True
AVA_-IELREHX_js_s360000_e364000_chunk90,False
AVA_-IELREHX_js_s364000_e368000_chunk91,True
AVA_-IELREHX_js_s368000_e372000_chunk92,False
AVA_-IELREHX_js_s372000_e376000_chunk93,False
AVA_-IELREHX_js_s376000_e380000_chunk94,True
AVA_-IELREHX_js_s380000_e384000_chunk95,False
AVA_-IELREHX_js_s384000_e388000_chunk96,False
AVA_-IELREHX_js_s388000_e392000_chunk97,False
AVA_-IELREHX_js_s392000_e396000_chunk98,False
AVA_-IELREHX_js_s396000_e400000_chunk99,False
AVA_-IELREHX_js_s400000_e404000_chunk100,True
AVA_-IELREHX_js_s404000_e408000_chunk101,True
AVA_-IELREHX_js_s408000_e412000_chunk102,True
AVA_-IELREHX_js_s412000_e416000_chunk103,True
AVA_-IELREHX_js_s416000_e420000_chunk104,False
AVA_-IELREHX_js_s420000_e424000_chunk105,True
AVA_-IELREHX_js_s424000_e428000_chunk106,True
AVA_-IELREHX_js_s428000_e432000_chunk107,True
AVA_-IELREHX_js_s432000_e436000_chunk108,True
AVA_-IELREHX_js_s436000_e440000_chunk109,False
AVA_-IELREHX_js_s440000_e444000_chunk110,False
AVA_-IELREHX_js_s444000_e448000_chunk111,False
AVA_-IELREHX_js_s448000_e452000_chunk112,False
AVA_-IELREHX_js_s452000_e456000_chunk113,False
AVA_-IELREHX_js_s456000_e460000_chunk114,False
AVA_-IELREHX_js_s460000_e464000_chunk115,False
AVA_-IELREHX_js_s464000_e468000_chunk116,False
AVA_-IELREHX_js_s468000_e472000_chunk117,False
AVA_-IELREHX_js_s472000_e476000_chunk118,False
AVA_-IELREHX_js_s476000_e480000_chunk119,False
AVA_-IELREHX_js_s480000_e484000_chunk120,False
AVA_-IELREHX_js_s484000_e488000_chunk121,False
AVA_-IELREHX_js_s488000_e492000_chunk122,False
AVA_-IELREHX_js_s492000_e496000_chunk123,False
AVA_-IELREHX_js_s496000_e500000_chunk124,False
AVA_-IELREHX_js_s500000_e504000_chunk125,False
AVA_-IELREHX_js_s504000_e508000_chunk126,False
AVA_-IELREHX_js_s508000_e512000_chunk127,False
AVA_-IELREHX_js_s512000_e516000_chunk128,False
AVA_-IELREHX_js_s516000_e520000_chunk129,False
AVA_-IELREHX_js_s520000_e524000_chunk130,False
AVA_-IELREHX_js_s524000_e528000_chunk131,False
AVA_-IELREHX_js_s528000_e532000_chunk132,False
AVA_-IELREHX_js_s532000_e536000_chunk133,False
AVA_-IELREHX_js_s536000_e540000_chunk134,False
AVA_-IELREHX_js_s540000_e544000_chunk135,False
AVA_-IELREHX_js_s544000_e548000_chunk136,False
AVA_-IELREHX_js_s548000_e552000_chunk137,False
AVA_-IELREHX_js_s552000_e556000_chunk138,True
AVA_-IELREHX_js_s556000_e560000_chunk139,True
AVA_-IELREHX_js_s560000_e564000_chunk140,True
AVA_-IELREHX_js_s564000_e568000_chunk141,True
AVA_-IELREHX_js_s568000_e572000_chunk142,True
AVA_-IELREHX_js_s572000_e576000_chunk143,True
AVA_-IELREHX_js_s576000_e580000_chunk144,True
AVA_-IELREHX_js_s580000_e584000_chunk145,True
AVA_-IELREHX_js_s584000_e588000_chunk146,True
AVA_-IELREHX_js_s588000_e592000_chunk147,True
AVA_-IELREHX_js_s592000_e596000_chunk148,True
AVA_-IELREHX_js_s596000_e600000_chunk149,True
AVA_-IELREHX_js_s600000_e604000_chunk150,True
AVA_-IELREHX_js_s604000_e608000_chunk151,True
AVA_-IELREHX_js_s608000_e612000_chunk152,True
AVA_-IELREHX_js_s612000_e616000_chunk153,True
AVA_-IELREHX_js_s616000_e620000_chunk154,True
AVA_-IELREHX_js_s620000_e624000_chunk155,True
AVA_-IELREHX_js_s624000_e628000_chunk156,True
AVA_-IELREHX_js_s628000_e632000_chunk157,True
AVA_-IELREHX_js_s632000_e636000_chunk158,True
AVA_-IELREHX_js_s636000_e640000_chunk159,True
AVA_-IELREHX_js_s640000_e644000_chunk160,True
AVA_-IELREHX_js_s644000_e648000_chunk161,True
AVA_-IELREHX_js_s648000_e652000_chunk162,False
AVA_-IELREHX_js_s652000_e656000_chunk163,False
AVA_-IELREHX_js_s656000_e660000_chunk164,True
AVA_-IELREHX_js_s660000_e664000_chunk165,True
AVA_-IELREHX_js_s664000_e668000_chunk166,True
AVA_-IELREHX_js_s668000_e672000_chunk167,False
AVA_-IELREHX_js_s672000_e676000_chunk168,False
AVA_-IELREHX_js_s676000_e680000_chunk169,True
AVA_-IELREHX_js_s680000_e684000_chunk170,False
AVA_-IELREHX_js_s684000_e688000_chunk171,False
AVA_-IELREHX_js_s688000_e692000_chunk172,False
AVA_-IELREHX_js_s692000_e696000_chunk173,True
AVA_-IELREHX_js_s696000_e700000_chunk174,True
AVA_-IELREHX_js_s700000_e704000_chunk175,True
AVA_-IELREHX_js_s704000_e708000_chunk176,True
AVA_-IELREHX_js_s708000_e712000_chunk177,True
AVA_-IELREHX_js_s712000_e716000_chunk178,True
AVA_-IELREHX_js_s716000_e720000_chunk179,True
AVA_-IELREHX_js_s720000_e724000_chunk180,True
AVA_-IELREHX_js_s724000_e728000_chunk181,False
AVA_-IELREHX_js_s728000_e732000_chunk182,False
AVA_-IELREHX_js_s732000_e736000_chunk183,False
AVA_-IELREHX_js_s736000_e740000_chunk184,False
AVA_-IELREHX_js_s740000_e744000_chunk185,True
AVA_-IELREHX_js_s744000_e748000_chunk186,False
AVA_-IELREHX_js_s748000_e752000_chunk187,False
AVA_-IELREHX_js_s752000_e756000_chunk188,False
AVA_-IELREHX_js_s756000_e760000_chunk189,False
AVA_-IELREHX_js_s760000_e764000_chunk190,True
AVA_-IELREHX_js_s764000_e768000_chunk191,False
AVA_-IELREHX_js_s768000_e772000_chunk192,True
AVA_-IELREHX_js_s772000_e776000_chunk193,True
AVA_-IELREHX_js_s776000_e780000_chunk194,True
AVA_-IELREHX_js_s780000_e784000_chunk195,True
AVA_-IELREHX_js_s784000_e788000_chunk196,True
AVA_-IELREHX_js_s788000_e792000_chunk197,False
AVA_-IELREHX_js_s792000_e796000_chunk198,True
AVA_-IELREHX_js_s796000_e800000_chunk199,False
AVA_-IELREHX_js_s800000_e804000_chunk200,True
AVA_-IELREHX_js_s804000_e808000_chunk201,False
AVA_-IELREHX_js_s808000_e812000_chunk202,True
AVA_-IELREHX_js_s812000_e816000_chunk203,True
AVA_-IELREHX_js_s816000_e820000_chunk204,True
AVA_-IELREHX_js_s820000_e824000_chunk205,True
AVA_-IELREHX_js_s824000_e828000_chunk206,True
AVA_-IELREHX_js_s828000_e832000_chunk207,True
AVA_-IELREHX_js_s832000_e836000_chunk208,True
AVA_-IELREHX_js_s836000_e840000_chunk209,True
AVA_-IELREHX_js_s840000_e844000_chunk210,True
AVA_-IELREHX_js_s844000_e848000_chunk211,True
AVA_-IELREHX_js_s848000_e852000_chunk212,True
AVA_-IELREHX_js_s852000_e856000_chunk213,True
AVA_-IELREHX_js_s856000_e860000_chunk214,True
AVA_-IELREHX_js_s860000_e864000_chunk215,False
AVA_-IELREHX_js_s864000_e868000_chunk216,False
AVA_-IELREHX_js_s868000_e872000_chunk217,False
AVA_-IELREHX_js_s872000_e876000_chunk218,True
AVA_-IELREHX_js_s876000_e880000_chunk219,True
AVA_-IELREHX_js_s880000_e884000_chunk220,True
AVA_-IELREHX_js_s884000_e888000_chunk221,False
AVA_-IELREHX_js_s888000_e892000_chunk222,False
AVA_-IELREHX_js_s892000_e896000_chunk223,False
AVA_-IELREHX_js_s896000_e900000_chunk224,True
