{
  "thresholds": [
    0.0,
    0.05,
    0.1,
    0.15,
    0.2,
    0.25,
    0.3,
    0.35,
    0.4,
    0.45,
    0.5,
    0.55,
    0.6,
    0.65,
    0.7,
    0.75,
    0.8,
    0.85,
    0.9,
    0.95,
    1.0
  ],
  "precision": [
    0.5491709260675333,
    0.5491709260675333,
    0.5491709260675333,
    0.5491709260675333,
    0.5491709260675333,
    0.5491709260675333,
    0.5491709260675333,
    0.5491709260675333,
    0.5491709260675333,
    0.5491709260675333,
    0.5491709260675333,
    0.9433204015239819,
    0.9612626047436443,
    0.9733530184908445,
    0.9864120992666557,
    0.0,
    0.0,
    0.0,
    0.0,
    0.0,
    0.0
  ],
  "recall": [
    1.0,
    1.0,
    1.0,
    1.0,
    1.0,
    1.0,
    1.0,
    1.0,
    1.0,
    1.0,
    1.0,
    0.9934409409867903,
    0.9920301936571334,
    0.9904728751763434,
    0.9882193437276708,
    0.0,
    0.0,
    0.0,
    0.0,
    0.0,
    0.0
  ],
  "f1": [
    0.708986873981126,
    0.708986873981126,
    0.708986873981126,
    0.708986873981126,
    0.708986873981126,
    0.708986873981126,
    0.708986873981126,
    0.708986873981126,
    0.708986873981126,
    0.708986873981126,
    0.708986873981126,
    0.967732148275062,
    0.9764040790197369,
    0.9818383247670766,
    0.9873148944738336,
    0.0,
    0.0,
    0.0,
    0.0,
    0.0,
    0.0
  ],
  "accuracy": [
    0.5491709260675333,
    0.5491709260675333,
    0.5491709260675333,
    0.5491709260675333,
    0.5491709260675333,
    0.5491709260675333,
    0.5491709260675333,
    0.5491709260675333,
    0.5491709260675333,
    0.5491709260675333,
    0.5491709260675333,
    0.9636173381092284,
    0.9736688533827021,
    0.979876846299352,
    0.9860546544854509,
    0.4508290739324667,
    0.4508290739324667,
    0.4508290739324667,
    0.4508290739324667,
    0.4508290739324667,
    0.4508290739324667
  ]
}