{
  "thresholds": [
    0.0,
    0.05,
    0.1,
    0.15,
    0.2,
    0.25,
    0.3,
    0.35,
    0.4,
    0.45,
    0.5,
    0.55,
    0.6,
    0.65,
    0.7,
    0.75,
    0.8,
    0.85,
    0.9,
    0.95,
    1.0
  ],
  "precision": [
    0.43734311643174356,
    0.43734311643174356,
    0.43734311643174356,
    0.43734311643174356,
    0.43734311643174356,
    0.43734311643174356,
    0.43734311643174356,
    0.43734311643174356,
    0.43734311643174356,
    0.43734311643174356,
    0.43734311643174356,
    0.43734311643174356,
    0.43734311643174356,
    0.43734311643174356,
    0.43734311643174356,
    0.43734311643174356,
    0.43734311643174356,
    0.43734311643174356,
    0.43734311643174356,
    0.43734311643174356,
    0.43734311643174356
  ],
  "recall": [
    0.2489877429874865,
    0.2489877429874865,
    0.2489877429874865,
    0.2489877429874865,
    0.2489877429874865,
    0.2489877429874865,
    0.2489877429874865,
    0.2489877429874865,
    0.2489877429874865,
    0.2489877429874865,
    0.2489877429874865,
    0.2489877429874865,
    0.2489877429874865,
    0.2489877429874865,
    0.2489877429874865,
    0.2489877429874865,
    0.2489877429874865,
    0.2489877429874865,
    0.2489877429874865,
    0.2489877429874865,
    0.2489877429874865
  ],
  "f1": [
    0.3173194793065203,
    0.3173194793065203,
    0.3173194793065203,
    0.3173194793065203,
    0.3173194793065203,
    0.3173194793065203,
    0.3173194793065203,
    0.3173194793065203,
    0.3173194793065203,
    0.3173194793065203,
    0.3173194793065203,
    0.3173194793065203,
    0.3173194793065203,
    0.3173194793065203,
    0.3173194793065203,
    0.3173194793065203,
    0.3173194793065203,
    0.3173194793065203,
    0.3173194793065203,
    0.3173194793065203,
    0.3173194793065203
  ],
  "accuracy": [
    0.41164929367730513,
    0.41164929367730513,
    0.41164929367730513,
    0.41164929367730513,
    0.41164929367730513,
    0.41164929367730513,
    0.41164929367730513,
    0.41164929367730513,
    0.41164929367730513,
    0.41164929367730513,
    0.41164929367730513,
    0.41164929367730513,
    0.41164929367730513,
    0.41164929367730513,
    0.41164929367730513,
    0.41164929367730513,
    0.41164929367730513,
    0.41164929367730513,
    0.41164929367730513,
    0.41164929367730513,
    0.41164929367730513
  ]
}