{
  "thresholds": [
    0.0,
    0.05,
    0.1,
    0.15,
    0.2,
    0.25,
    0.3,
    0.35,
    0.4,
    0.45,
    0.5,
    0.55,
    0.6,
    0.65,
    0.7,
    0.75,
    0.8,
    0.85,
    0.9,
    0.95,
    1.0
  ],
  "precision": [
    0.5491709260675333,
    0.8478488163418174,
    0.9427126035761012,
    0.9654561400368706,
    0.9752335433412992,
    0.9802478134110787,
    0.9843354952182038,
    0.9869568416792377,
    0.9892280403532759,
    0.9911277748904893,
    0.9923447477501027,
    0.9934539417834707,
    0.9942697279567818,
    0.9955461552541132,
    0.9968653451503056,
    0.9982017160766583,
    0.9990539839482437,
    0.9994916712285915,
    0.9996766056529331,
    1.0,
    0.0
  ],
  "recall": [
    1.0,
    0.9954196515270882,
    0.9901064472985105,
    0.9882743079093458,
    0.9869368461552555,
    0.9856177057950569,
    0.9843535296165332,
    0.9829244608929847,
    0.9809091075649036,
    0.9783257910261812,
    0.9737454425532694,
    0.9648412451219289,
    0.9441563914182591,
    0.8968688737839174,
    0.8098788955863762,
    0.7118960810538466,
    0.5998057932247486,
    0.46831314926439604,
    0.2831754639893003,
    0.0783606016745754,
    0.0
  ],
  "f1": [
    0.708986873981126,
    0.9157270229728135,
    0.96582846317445,
    0.9767319740701843,
    0.9810502927597731,
    0.9829254254940115,
    0.9843445123347655,
    0.9849365241098229,
    0.9850510105516868,
    0.9846851747697244,
    0.9829571200029592,
    0.9789385630634817,
    0.968565279905273,
    0.943634821497417,
    0.8936961707977842,
    0.8310821649716064,
    0.7495821408128219,
    0.6377892832636767,
    0.4413351988806716,
    0.14533283495871419,
    0.0
  ],
  "accuracy": [
    0.5491709260675333,
    0.8993842314967602,
    0.9615245301243611,
    0.9741417474946673,
    0.9790618585744758,
    0.9811949128667444,
    0.9828047651627964,
    0.9834889523886183,
    0.9836499376182235,
    0.9832877208516119,
    0.9814565138648529,
    0.9772004668571659,
    0.9663440254356663,
    0.9411598985793054,
    0.894192457841993,
    0.8410773936491327,
    0.7799130679760132,
    0.7078822393045439,
    0.6062904978468225,
    0.49386243812130237,
    0.4508290739324667
  ]
}