{
  "thresholds": [
    0.0,
    0.05,
    0.1,
    0.15,
    0.2,
    0.25,
    0.3,
    0.35,
    0.4,
    0.45,
    0.5,
    0.55,
    0.6,
    0.65,
    0.7,
    0.75,
    0.8,
    0.85,
    0.9,
    0.95,
    1.0
  ],
  "precision": [
    0.5491709260675333,
    0.9335423953684718,
    0.9709671631078414,
    0.9809321649521944,
    0.985371103369024,
    0.9881680647642771,
    0.9900055116663604,
    0.991520581024535,
    0.9928617660656496,
    0.9942458328692876,
    0.9955791005241658,
    0.9971086870810881,
    0.9982919932438844,
    0.9991275519106613,
    0.9995936776238268,
    0.9997326858390323,
    0.999816012195763,
    0.9998578131665008,
    0.9998679083283799,
    0.9997481742634097,
    0.0
  ],
  "recall": [
    1.0,
    0.9926531210494495,
    0.9914072662648175,
    0.990601124933585,
    0.9897400194206776,
    0.9884758432421539,
    0.9872666312453051,
    0.9854894560378153,
    0.9836573166486506,
    0.9813671424121947,
    0.9778494347849984,
    0.9730309081914952,
    0.9637602828823217,
    0.9441747128121507,
    0.9014492222568293,
    0.8222458364632381,
    0.6969275022443707,
    0.5153441673842546,
    0.2773675821256481,
    0.07273593374983969,
    0.0
  ],
  "f1": [
    0.708986873981126,
    0.9621907687936209,
    0.9810807625712757,
    0.985742935278031,
    0.987550729406603,
    0.9883219300414915,
    0.9886341745328453,
    0.988495819167509,
    0.9882381092622589,
    0.9877645106265271,
    0.9866346242721139,
    0.9849226660732169,
    0.9807222626172232,
    0.9708741522230595,
    0.9479880157606235,
    0.9023443783175165,
    0.8213371910997873,
    0.6801349243770629,
    0.4342675195777516,
    0.1356059570979642,
    0.0
  ],
  "accuracy": [
    0.5491709260675333,
    0.9571578057713205,
    0.9790014891133738,
    0.9842636938060932,
    0.9862961323298587,
    0.9871714895158369,
    0.9875337062824486,
    0.9874029057833944,
    0.987141304785286,
    0.9866482875196201,
    0.9854509598744315,
    0.9836398760413732,
    0.97919265907353,
    0.9688896043787982,
    0.9456775465851008,
    0.9022618424759529,
    0.8334909647039884,
    0.7338008612709784,
    0.6031311627158208,
    0.49076347245140256,
    0.4508290739324667
  ]
}