{
  "thresholds": [
    0.0,
    0.05,
    0.1,
    0.15,
    0.2,
    0.25,
    0.3,
    0.35,
    0.4,
    0.45,
    0.5,
    0.55,
    0.6,
    0.65,
    0.7,
    0.75,
    0.8,
    0.85,
    0.9,
    0.95,
    1.0
  ],
  "precision": [
    0.5491709260675333,
    0.8313160481690833,
    0.8408155019967989,
    0.8591963151207116,
    0.8763813721359821,
    0.892477554792712,
    0.9068238608730651,
    0.9193973506555342,
    0.9304807311657688,
    0.9407465413730096,
    0.9488993434680336,
    0.9556239171174994,
    0.9615719902506716,
    0.9673475233168042,
    0.9720332577475435,
    0.976353307280359,
    0.9810164669839707,
    0.9846114104361946,
    0.988483429463385,
    0.9927234239597804,
    1.0
  ],
  "recall": [
    1.0,
    0.9915904802037339,
    0.9913523020831425,
    0.9910958025686595,
    0.990912588629743,
    0.9907660174786098,
    0.9906927319030432,
    0.9905828035396933,
    0.9904545537824517,
    0.9904545537824517,
    0.9903629468129935,
    0.9903079826313186,
    0.9902530184496436,
    0.9900331617229439,
    0.9895751268756527,
    0.9887140213627453,
    0.9856177057950569,
    0.977666220846082,
    0.9513933420054598,
    0.824847474395852,
    0.0015756398746816658
  ],
  "f1": [
    0.708986873981126,
    0.9044074027655931,
    0.9098996081860528,
    0.9204447809700445,
    0.9301345715636957,
    0.9390568970157936,
    0.9469048244461956,
    0.9536635270046213,
    0.9595314164004259,
    0.9649608196633526,
    0.9691878759625987,
    0.9726568474847719,
    0.9757017781388212,
    0.9785588815849043,
    0.9807257573969332,
    0.9824947884900731,
    0.9833117037416147,
    0.9811265249087583,
    0.969583807905596,
    0.9010327022375215,
    0.003146322278522692
  ],
  "accuracy": [
    0.5491709260675333,
    0.8848854992554434,
    0.8921801424719282,
    0.9059141948726205,
    0.9182496880911176,
    0.929377792087576,
    0.9389865979796354,
    0.9471364752283978,
    0.9541192095625226,
    0.960498249285628,
    0.9654183603654365,
    0.9694228679518654,
    0.9729142351189278,
    0.9761741860184328,
    0.9786392723467622,
    0.980651587716827,
    0.9816275606713084,
    0.9793435827262849,
    0.9672193826216444,
    0.9004910049502958,
    0.45169436954159453
  ]
}