{
  "thresholds": [
    0.0,
    0.05,
    0.1,
    0.15,
    0.2,
    0.25,
    0.3,
    0.35,
    0.4,
    0.45,
    0.5,
    0.55,
    0.6,
    0.65,
    0.7,
    0.75,
    0.8,
    0.85,
    0.9,
    0.95,
    1.0
  ],
  "precision": [
    0.8215619220434798,
    0.8215619220434798,
    0.8215619220434798,
    0.8215619220434798,
    0.8215619220434798,
    0.8215619220434798,
    0.8215619220434798,
    0.8215619220434798,
    0.8215619220434798,
    0.8215619220434798,
    0.8215619220434798,
    0.8215619220434798,
    0.8215619220434798,
    0.8215619220434798,
    0.8215619220434798,
    0.8215619220434798,
    0.8215619220434798,
    0.8215619220434798,
    0.8215619220434798,
    0.8215619220434798,
    0.8215619220434798
  ],
  "recall": [
    0.8626994741759954,
    0.8626994741759954,
    0.8626994741759954,
    0.8626994741759954,
    0.8626994741759954,
    0.8626994741759954,
    0.8626994741759954,
    0.8626994741759954,
    0.8626994741759954,
    0.8626994741759954,
    0.8626994741759954,
    0.8626994741759954,
    0.8626994741759954,
    0.8626994741759954,
    0.8626994741759954,
    0.8626994741759954,
    0.8626994741759954,
    0.8626994741759954,
    0.8626994741759954,
    0.8626994741759954,
    0.8626994741759954
  ],
  "f1": [
    0.8416283122570267,
    0.8416283122570267,
    0.8416283122570267,
    0.8416283122570267,
    0.8416283122570267,
    0.8416283122570267,
    0.8416283122570267,
    0.8416283122570267,
    0.8416283122570267,
    0.8416283122570267,
    0.8416283122570267,
    0.8416283122570267,
    0.8416283122570267,
    0.8416283122570267,
    0.8416283122570267,
    0.8416283122570267,
    0.8416283122570267,
    0.8416283122570267,
    0.8416283122570267,
    0.8416283122570267,
    0.8416283122570267
  ],
  "accuracy": [
    0.8216987966354087,
    0.8216987966354087,
    0.8216987966354087,
    0.8216987966354087,
    0.8216987966354087,
    0.8216987966354087,
    0.8216987966354087,
    0.8216987966354087,
    0.8216987966354087,
    0.8216987966354087,
    0.8216987966354087,
    0.8216987966354087,
    0.8216987966354087,
    0.8216987966354087,
    0.8216987966354087,
    0.8216987966354087,
    0.8216987966354087,
    0.8216987966354087,
    0.8216987966354087,
    0.8216987966354087,
    0.8216987966354087
  ]
}