{
  "thresholds": [
    0.0,
    0.05,
    0.1,
    0.15,
    0.2,
    0.25,
    0.3,
    0.35,
    0.4,
    0.45,
    0.5,
    0.55,
    0.6,
    0.65,
    0.7,
    0.75,
    0.8,
    0.85,
    0.9,
    0.95,
    1.0
  ],
  "precision": [
    0.9968152866242038,
    0.9968152866242038,
    0.9968152866242038,
    0.9968152866242038,
    0.9968152866242038,
    0.9968152866242038,
    0.9968152866242038,
    0.9968152866242038,
    0.9968152866242038,
    0.9968152866242038,
    0.9968152866242038,
    0.9968152866242038,
    0.9968152866242038,
    0.9968152866242038,
    0.9968152866242038,
    0.9968152866242038,
    0.9968152866242038,
    0.9968152866242038,
    0.9968152866242038,
    0.9968152866242038,
    0.9968152866242038
  ],
  "recall": [
    0.5106035889070146,
    0.5106035889070146,
    0.5106035889070146,
    0.5106035889070146,
    0.5106035889070146,
    0.5106035889070146,
    0.5106035889070146,
    0.5106035889070146,
    0.5106035889070146,
    0.5106035889070146,
    0.5106035889070146,
    0.5106035889070146,
    0.5106035889070146,
    0.5106035889070146,
    0.5106035889070146,
    0.5106035889070146,
    0.5106035889070146,
    0.5106035889070146,
    0.5106035889070146,
    0.5106035889070146,
    0.5106035889070146
  ],
  "f1": [
    0.6752966558791802,
    0.6752966558791802,
    0.6752966558791802,
    0.6752966558791802,
    0.6752966558791802,
    0.6752966558791802,
    0.6752966558791802,
    0.6752966558791802,
    0.6752966558791802,
    0.6752966558791802,
    0.6752966558791802,
    0.6752966558791802,
    0.6752966558791802,
    0.6752966558791802,
    0.6752966558791802,
    0.6752966558791802,
    0.6752966558791802,
    0.6752966558791802,
    0.6752966558791802,
    0.6752966558791802,
    0.6752966558791802
  ],
  "accuracy": [
    0.5359712230215827,
    0.5359712230215827,
    0.5359712230215827,
    0.5359712230215827,
    0.5359712230215827,
    0.5359712230215827,
    0.5359712230215827,
    0.5359712230215827,
    0.5359712230215827,
    0.5359712230215827,
    0.5359712230215827,
    0.5359712230215827,
    0.5359712230215827,
    0.5359712230215827,
    0.5359712230215827,
    0.5359712230215827,
    0.5359712230215827,
    0.5359712230215827,
    0.5359712230215827,
    0.5359712230215827,
    0.5359712230215827
  ]
}