{
  "thresholds": [
    0.0,
    0.05,
    0.1,
    0.15,
    0.2,
    0.25,
    0.3,
    0.35,
    0.4,
    0.45,
    0.5,
    0.55,
    0.6,
    0.65,
    0.7,
    0.75,
    0.8,
    0.85,
    0.9,
    0.95,
    1.0
  ],
  "precision": [
    0.9450154162384378,
    0.9450154162384378,
    0.9450154162384378,
    0.9450154162384378,
    0.9450154162384378,
    0.9450154162384378,
    0.9450154162384378,
    0.973170731707317,
    0.973170731707317,
    0.973170731707317,
    0.973170731707317,
    0.9501779359430605,
    0.9501779359430605,
    0.9530685920577617,
    0.8275862068965517,
    0.8275862068965517,
    0.8275862068965517,
    0.6875,
    0.0,
    0.0,
    0.0
  ],
  "recall": [
    1.0,
    1.0,
    1.0,
    1.0,
    1.0,
    1.0,
    1.0,
    0.867862969004894,
    0.867862969004894,
    0.867862969004894,
    0.867862969004894,
    0.2903752039151713,
    0.2903752039151713,
    0.28711256117455136,
    0.013050570962479609,
    0.013050570962479609,
    0.013050570962479609,
    0.005981511691136488,
    0.0,
    0.0,
    0.0
  ],
  "f1": [
    0.9717305151915456,
    0.9717305151915456,
    0.9717305151915456,
    0.9717305151915456,
    0.9717305151915456,
    0.9717305151915456,
    0.9717305151915456,
    0.9175050301810865,
    0.9175050301810865,
    0.9175050301810865,
    0.9175050301810865,
    0.4448146605581008,
    0.4448146605581008,
    0.4412870873380694,
    0.02569593147751606,
    0.02569593147751606,
    0.02569593147751606,
    0.011859838274932614,
    0.0,
    0.0,
    0.0
  ],
  "accuracy": [
    0.9450154162384378,
    0.9450154162384378,
    0.9450154162384378,
    0.9450154162384378,
    0.9450154162384378,
    0.9450154162384378,
    0.9450154162384378,
    0.8525179856115108,
    0.8525179856115108,
    0.8525179856115108,
    0.8525179856115108,
    0.31500513874614594,
    0.31500513874614594,
    0.3129496402877698,
    0.06474820143884892,
    0.06474820143884892,
    0.06474820143884892,
    0.05806783144912641,
    0.05498458376156218,
    0.05498458376156218,
    0.05498458376156218
  ]
}