{
  "thresholds": [
    0.0,
    0.05,
    0.1,
    0.15,
    0.2,
    0.25,
    0.3,
    0.35,
    0.4,
    0.45,
    0.5,
    0.55,
    0.6,
    0.65,
    0.7,
    0.75,
    0.8,
    0.85,
    0.9,
    0.95,
    1.0
  ],
  "precision": [
    0.9450154162384378,
    0.9894736842105263,
    0.9962382445141066,
    0.9980392156862745,
    0.9986577181208054,
    1.0,
    1.0,
    1.0,
    1.0,
    1.0,
    1.0,
    1.0,
    1.0,
    1.0,
    1.0,
    1.0,
    1.0,
    1.0,
    1.0,
    0.0,
    0.0
  ],
  "recall": [
    1.0,
    0.9200652528548124,
    0.8640565524741708,
    0.8303425774877651,
    0.8091353996737357,
    0.7879282218597063,
    0.7591082109842305,
    0.7259380097879282,
    0.6938553561718325,
    0.6508972267536705,
    0.5943447525829255,
    0.5160413268080478,
    0.43230016313213704,
    0.3306144643828168,
    0.25502990755845567,
    0.18270799347471453,
    0.11364872213159326,
    0.048395867319195214,
    0.008156606851549755,
    0.0,
    0.0
  ],
  "f1": [
    0.9717305151915456,
    0.9535080304311073,
    0.9254513686662784,
    0.9065004452359751,
    0.8939621507960348,
    0.8813868613138686,
    0.8630602782071097,
    0.8412098298676749,
    0.8192616372391653,
    0.7885375494071146,
    0.7455661664392906,
    0.6807747489239598,
    0.6036446469248291,
    0.49693502247650184,
    0.40641247833622185,
    0.30896551724137933,
    0.2041015625,
    0.09232365145228216,
    0.016181229773462782,
    0.0,
    0.0
  ],
  "accuracy": [
    0.9450154162384378,
    0.9152106885919835,
    0.868448098663926,
    0.8381294964028777,
    0.8186022610483042,
    0.7995889003083247,
    0.7723535457348407,
    0.7410071942446043,
    0.710688591983556,
    0.6700924974306269,
    0.6166495375128469,
    0.5426515930113053,
    0.4635149023638232,
    0.36742034943473795,
    0.2959917780061665,
    0.2276464542651593,
    0.16238437821171633,
    0.10071942446043165,
    0.06269270298047276,
    0.05498458376156218,
    0.05498458376156218
  ]
}