{
  "thresholds": [
    0.0,
    0.05,
    0.1,
    0.15,
    0.2,
    0.25,
    0.3,
    0.35,
    0.4,
    0.45,
    0.5,
    0.55,
    0.6,
    0.65,
    0.7,
    0.75,
    0.8,
    0.85,
    0.9,
    0.95,
    1.0
  ],
  "precision": [
    0.9450154162384378,
    0.9915764139590855,
    0.9938423645320197,
    0.9962546816479401,
    0.9980928162746344,
    0.9987138263665595,
    0.9993514915693904,
    0.9993412384716732,
    0.9993355481727575,
    0.9993279569892473,
    0.9993206521739131,
    0.9993141289437586,
    0.9993098688750862,
    0.9992987377279102,
    0.9992917847025495,
    1.0,
    1.0,
    1.0,
    1.0,
    1.0,
    0.0
  ],
  "recall": [
    1.0,
    0.8961392060902664,
    0.8776508972267537,
    0.867862969004894,
    0.8537248504622077,
    0.8444806960304513,
    0.8379554105492115,
    0.8249048395867319,
    0.8178357803153888,
    0.8085916258836324,
    0.7998912452419793,
    0.7922784121805329,
    0.7873844480696031,
    0.7748776508972267,
    0.7672648178357803,
    0.7525829255029908,
    0.7308319738988581,
    0.7063621533442088,
    0.6530723219140837,
    0.5149537792278412,
    0.0
  ],
  "f1": [
    0.9717305151915456,
    0.9414453013424736,
    0.9321397632110886,
    0.927637314734089,
    0.9202813599062134,
    0.915144372421921,
    0.9115646258503401,
    0.9037831397080727,
    0.8995215311004785,
    0.8938984069732492,
    0.8885533071579583,
    0.883833788292387,
    0.8807785888077859,
    0.8728943338437979,
    0.868040602891418,
    0.8588271796462923,
    0.8444863336475024,
    0.8279158699808795,
    0.7901315789473684,
    0.6798277099784638,
    0.0
  ],
  "accuracy": [
    0.9450154162384378,
    0.894655704008222,
    0.8792394655704008,
    0.8720452209660843,
    0.8602261048304214,
    0.8520041109969168,
    0.8463514902363823,
    0.8340184994861254,
    0.8273381294964028,
    0.8186022610483042,
    0.8103802672147996,
    0.803186022610483,
    0.7985611510791367,
    0.7867420349434738,
    0.7795477903391572,
    0.7661870503597122,
    0.7456320657759506,
    0.7225077081192189,
    0.6721479958890031,
    0.5416238437821171,
    0.05498458376156218
  ]
}