{
  "thresholds": [
    0.0,
    0.05,
    0.1,
    0.15,
    0.2,
    0.25,
    0.3,
    0.35,
    0.4,
    0.45,
    0.5,
    0.55,
    0.6,
    0.65,
    0.7,
    0.75,
    0.8,
    0.85,
    0.9,
    0.95,
    1.0
  ],
  "precision": [
    0.9450154162384378,
    0.9450154162384378,
    0.9450154162384378,
    0.9450154162384378,
    0.9450154162384378,
    0.9450154162384378,
    0.9450154162384378,
    0.9450154162384378,
    0.9450154162384378,
    0.9450154162384378,
    0.9450154162384378,
    0.9944954128440368,
    0.9965197215777262,
    0.9985228951255539,
    1.0,
    0.0,
    0.0,
    0.0,
    0.0,
    0.0,
    0.0
  ],
  "recall": [
    1.0,
    1.0,
    1.0,
    1.0,
    1.0,
    1.0,
    1.0,
    1.0,
    1.0,
    1.0,
    1.0,
    0.5894507884719956,
    0.4671016856987493,
    0.3675910821098423,
    0.26046764545948886,
    0.0,
    0.0,
    0.0,
    0.0,
    0.0,
    0.0
  ],
  "f1": [
    0.9717305151915456,
    0.9717305151915456,
    0.9717305151915456,
    0.9717305151915456,
    0.9717305151915456,
    0.9717305151915456,
    0.9717305151915456,
    0.9717305151915456,
    0.9717305151915456,
    0.9717305151915456,
    0.9717305151915456,
    0.7401843632639126,
    0.6360607182524991,
    0.5373608903020668,
    0.41328731665228646,
    0.0,
    0.0,
    0.0,
    0.0,
    0.0,
    0.0
  ],
  "accuracy": [
    0.9450154162384378,
    0.9450154162384378,
    0.9450154162384378,
    0.9450154162384378,
    0.9450154162384378,
    0.9450154162384378,
    0.9450154162384378,
    0.9450154162384378,
    0.9450154162384378,
    0.9450154162384378,
    0.9450154162384378,
    0.6089414182939363,
    0.4948612538540596,
    0.40184994861253853,
    0.3011305241521069,
    0.05498458376156218,
    0.05498458376156218,
    0.05498458376156218,
    0.05498458376156218,
    0.05498458376156218,
    0.05498458376156218
  ]
}