{
  "thresholds": [
    0.0,
    0.05,
    0.1,
    0.15,
    0.2,
    0.25,
    0.3,
    0.35,
    0.4,
    0.45,
    0.5,
    0.55,
    0.6,
    0.65,
    0.7,
    0.75,
    0.8,
    0.85,
    0.9,
    0.95,
    1.0
  ],
  "precision": [
    0.9450154162384378,
    0.9731051344743277,
    0.9926813040585496,
    0.9979152189020153,
    0.9985412107950401,
    0.9984639016897081,
    0.9991776315789473,
    0.9990783410138249,
    0.9989327641408752,
    0.9987437185929648,
    0.9985250737463127,
    1.0,
    1.0,
    1.0,
    1.0,
    1.0,
    1.0,
    1.0,
    0.0,
    0.0,
    0.0
  ],
  "recall": [
    1.0,
    0.8656878738444806,
    0.811310494834149,
    0.7808591625883632,
    0.744426318651441,
    0.7069059271343121,
    0.6606851549755302,
    0.5894507884719956,
    0.5089722675367048,
    0.43230016313213704,
    0.3681348558999456,
    0.322457857531267,
    0.2767808591625884,
    0.21207177814029363,
    0.14899401848830887,
    0.07504078303425775,
    0.02392604676454595,
    0.0032626427406199023,
    0.0,
    0.0,
    0.0
  ],
  "f1": [
    0.9717305151915456,
    0.9162589928057554,
    0.8928785158587672,
    0.87614399023795,
    0.8529595015576324,
    0.827761859280484,
    0.795417348608838,
    0.7414500683994528,
    0.6743515850144092,
    0.603415559772296,
    0.5379419944378228,
    0.4876644736842105,
    0.4335604770017036,
    0.34993270524899056,
    0.25934690014197825,
    0.13960546282245828,
    0.04673393520977164,
    0.0065040650406504065,
    0.0,
    0.0,
    0.0
  ],
  "accuracy": [
    0.9450154162384378,
    0.8504624871531347,
    0.816032887975334,
    0.7913669064748201,
    0.7574511819116135,
    0.7219938335046249,
    0.6788283658787256,
    0.6115107913669064,
    0.5354573484069887,
    0.4630010277492292,
    0.4023638232271326,
    0.3597122302158273,
    0.31654676258992803,
    0.25539568345323743,
    0.19578622816032887,
    0.12589928057553956,
    0.0775950668036999,
    0.05806783144912641,
    0.05498458376156218,
    0.05498458376156218,
    0.05498458376156218
  ]
}