{
  "thresholds": [
    0.0,
    0.05,
    0.1,
    0.15,
    0.2,
    0.25,
    0.3,
    0.35,
    0.4,
    0.45,
    0.5,
    0.55,
    0.6,
    0.65,
    0.7,
    0.75,
    0.8,
    0.85,
    0.9,
    0.95,
    1.0
  ],
  "precision": [
    0.6752312435765673,
    0.7707823960880196,
    0.8043912175648703,
    0.8227936066712995,
    0.8285922684172137,
    0.8271889400921659,
    0.8248355263157895,
    0.8092165898617512,
    0.7908217716115261,
    0.7751256281407035,
    0.7625368731563422,
    0.7453625632377741,
    0.7269155206286837,
    0.7128205128205128,
    0.7116788321167883,
    0.6739130434782609,
    0.6818181818181818,
    0.8333333333333334,
    0.0,
    0.0,
    0.0
  ],
  "recall": [
    1.0,
    0.9596651445966514,
    0.9200913242009132,
    0.9010654490106544,
    0.8645357686453576,
    0.819634703196347,
    0.7633181126331812,
    0.6681887366818874,
    0.5639269406392694,
    0.469558599695586,
    0.393455098934551,
    0.3363774733637747,
    0.2815829528158295,
    0.2115677321156773,
    0.14840182648401826,
    0.07077625570776255,
    0.0228310502283105,
    0.00380517503805175,
    0.0,
    0.0,
    0.0
  ],
  "f1": [
    0.8061349693251534,
    0.8549152542372881,
    0.858359957401491,
    0.8601525608427171,
    0.8461824953445065,
    0.823394495412844,
    0.7928853754940711,
    0.7319716548561901,
    0.6583740559751222,
    0.5848341232227489,
    0.5190763052208835,
    0.4635553224960671,
    0.405924300603401,
    0.32629107981220656,
    0.2455919395465995,
    0.128099173553719,
    0.044182621502209134,
    0.007575757575757576,
    0.0,
    0.0,
    0.0
  ],
  "accuracy": [
    0.6752312435765673,
    0.7800616649537513,
    0.7949640287769785,
    0.802158273381295,
    0.7877697841726619,
    0.762589928057554,
    0.7307297019527236,
    0.6695786228160329,
    0.604830421377184,
    0.5498458376156218,
    0.5077081192189106,
    0.47430626927029806,
    0.44347379239465573,
    0.41007194244604317,
    0.38437821171634123,
    0.3494347379239466,
    0.3329907502569373,
    0.32682425488180883,
    0.32476875642343267,
    0.32476875642343267,
    0.32476875642343267
  ]
}