{
  "thresholds": [
    0.0,
    0.05,
    0.1,
    0.15,
    0.2,
    0.25,
    0.3,
    0.35,
    0.4,
    0.45,
    0.5,
    0.55,
    0.6,
    0.65,
    0.7,
    0.75,
    0.8,
    0.85,
    0.9,
    0.95,
    1.0
  ],
  "precision": [
    0.6752312435765673,
    0.6752312435765673,
    0.6752312435765673,
    0.6752312435765673,
    0.6752312435765673,
    0.6752312435765673,
    0.6752312435765673,
    0.6695121951219513,
    0.6695121951219513,
    0.6695121951219513,
    0.6695121951219513,
    0.8078291814946619,
    0.8078291814946619,
    0.8104693140794224,
    0.7931034482758621,
    0.7931034482758621,
    0.7931034482758621,
    0.6875,
    0.0,
    0.0,
    0.0
  ],
  "recall": [
    1.0,
    1.0,
    1.0,
    1.0,
    1.0,
    1.0,
    1.0,
    0.8356164383561644,
    0.8356164383561644,
    0.8356164383561644,
    0.8356164383561644,
    0.3455098934550989,
    0.3455098934550989,
    0.3417047184170472,
    0.01750380517503805,
    0.01750380517503805,
    0.01750380517503805,
    0.00837138508371385,
    0.0,
    0.0,
    0.0
  ],
  "f1": [
    0.8061349693251534,
    0.8061349693251534,
    0.8061349693251534,
    0.8061349693251534,
    0.8061349693251534,
    0.8061349693251534,
    0.8061349693251534,
    0.7433987813134733,
    0.7433987813134733,
    0.7433987813134733,
    0.7433987813134733,
    0.4840085287846482,
    0.4840085287846482,
    0.480728051391863,
    0.03425167535368578,
    0.03425167535368578,
    0.03425167535368578,
    0.016541353383458645,
    0.0,
    0.0,
    0.0
  ],
  "accuracy": [
    0.6752312435765673,
    0.6752312435765673,
    0.6752312435765673,
    0.6752312435765673,
    0.6752312435765673,
    0.6752312435765673,
    0.6752312435765673,
    0.6104830421377184,
    0.6104830421377184,
    0.6104830421377184,
    0.6104830421377184,
    0.5025693730729702,
    0.5025693730729702,
    0.5015416238437821,
    0.3335046248715313,
    0.3335046248715313,
    0.3335046248715313,
    0.3278520041109969,
    0.32476875642343267,
    0.32476875642343267,
    0.32476875642343267
  ]
}