{
  "thresholds": [
    0.0,
    0.05,
    0.1,
    0.15,
    0.2,
    0.25,
    0.3,
    0.35,
    0.4,
    0.45,
    0.5,
    0.55,
    0.6,
    0.65,
    0.7,
    0.75,
    0.8,
    0.85,
    0.9,
    0.95,
    1.0
  ],
  "precision": [
    0.6752312435765673,
    0.6752312435765673,
    0.6752312435765673,
    0.6752312435765673,
    0.6752312435765673,
    0.6752312435765673,
    0.6752312435765673,
    0.6752312435765673,
    0.6752312435765673,
    0.6752312435765673,
    0.6752312435765673,
    0.7688073394495413,
    0.7691415313225058,
    0.7651403249630724,
    0.7703549060542797,
    0.0,
    0.0,
    0.0,
    0.0,
    0.0,
    0.0
  ],
  "recall": [
    1.0,
    1.0,
    1.0,
    1.0,
    1.0,
    1.0,
    1.0,
    1.0,
    1.0,
    1.0,
    1.0,
    0.6377473363774734,
    0.5045662100456622,
    0.3942161339421613,
    0.2808219178082192,
    0.0,
    0.0,
    0.0,
    0.0,
    0.0,
    0.0
  ],
  "f1": [
    0.8061349693251534,
    0.8061349693251534,
    0.8061349693251534,
    0.8061349693251534,
    0.8061349693251534,
    0.8061349693251534,
    0.8061349693251534,
    0.8061349693251534,
    0.8061349693251534,
    0.8061349693251534,
    0.8061349693251534,
    0.697171381031614,
    0.609375,
    0.5203415369161225,
    0.41160066926938094,
    0.0,
    0.0,
    0.0,
    0.0,
    0.0,
    0.0
  ],
  "accuracy": [
    0.6752312435765673,
    0.6752312435765673,
    0.6752312435765673,
    0.6752312435765673,
    0.6752312435765673,
    0.6752312435765673,
    0.6752312435765673,
    0.6752312435765673,
    0.6752312435765673,
    0.6752312435765673,
    0.6752312435765673,
    0.6258992805755396,
    0.5632065775950668,
    0.5092497430626927,
    0.4578622816032888,
    0.32476875642343267,
    0.32476875642343267,
    0.32476875642343267,
    0.32476875642343267,
    0.32476875642343267,
    0.32476875642343267
  ]
}