{
  "thresholds": [
    0.0,
    0.05,
    0.1,
    0.15,
    0.2,
    0.25,
    0.3,
    0.35,
    0.4,
    0.45,
    0.5,
    0.55,
    0.6,
    0.65,
    0.7,
    0.75,
    0.8,
    0.85,
    0.9,
    0.95,
    1.0
  ],
  "precision": [
    0.6752312435765673,
    0.7555555555555555,
    0.7799373040752351,
    0.8006535947712419,
    0.8080536912751678,
    0.8164251207729468,
    0.8252148997134671,
    0.8314606741573034,
    0.8322884012539185,
    0.83375104427736,
    0.8289112534309241,
    0.8177028451001054,
    0.8088050314465409,
    0.7976973684210527,
    0.7931769722814499,
    0.7916666666666666,
    0.7894736842105263,
    0.7865168539325843,
    0.8,
    0.0,
    0.0
  ],
  "recall": [
    1.0,
    0.9832572298325722,
    0.9467275494672754,
    0.9322678843226788,
    0.9162861491628614,
    0.9003044140030442,
    0.8767123287671232,
    0.8447488584474886,
    0.8082191780821918,
    0.7595129375951294,
    0.6894977168949772,
    0.5905631659056316,
    0.4893455098934551,
    0.3691019786910198,
    0.2831050228310502,
    0.2024353120243531,
    0.12557077625570776,
    0.0532724505327245,
    0.0091324200913242,
    0.0,
    0.0
  ],
  "f1": [
    0.8061349693251534,
    0.8544973544973545,
    0.8552767273977312,
    0.8614627285513361,
    0.8587731811697575,
    0.8563155989866088,
    0.8501845018450185,
    0.8380520951302378,
    0.8200772200772201,
    0.7949024293110315,
    0.7528043207312006,
    0.6858152894387981,
    0.6097676623992413,
    0.5046826222684704,
    0.41727425687044306,
    0.32242424242424245,
    0.21667760998030203,
    0.09978617248752673,
    0.01805869074492099,
    0.0,
    0.0
  ],
  "accuracy": [
    0.6752312435765673,
    0.7738951695786228,
    0.7836587872559095,
    0.7975334018499486,
    0.7965056526207606,
    0.7959917780061665,
    0.7913669064748201,
    0.7795477903391572,
    0.7605344295991778,
    0.7353545734840699,
    0.6942446043165468,
    0.6346351490236383,
    0.5770811921891058,
    0.5107913669064749,
    0.4660842754367934,
    0.42548818088386436,
    0.3869475847893114,
    0.3509763617677287,
    0.32939362795477906,
    0.32476875642343267,
    0.32476875642343267
  ]
}