{
  "thresholds": [
    0.0,
    0.05,
    0.1,
    0.15,
    0.2,
    0.25,
    0.3,
    0.35,
    0.4,
    0.45,
    0.5,
    0.55,
    0.6,
    0.65,
    0.7,
    0.75,
    0.8,
    0.85,
    0.9,
    0.95,
    1.0
  ],
  "precision": [
    0.8004246284501062,
    0.8004246284501062,
    0.8004246284501062,
    0.8004246284501062,
    0.8004246284501062,
    0.8004246284501062,
    0.8004246284501062,
    0.8004246284501062,
    0.8004246284501062,
    0.8004246284501062,
    0.8004246284501062,
    0.8004246284501062,
    0.8004246284501062,
    0.8004246284501062,
    0.8004246284501062,
    0.8004246284501062,
    0.8004246284501062,
    0.8004246284501062,
    0.8004246284501062,
    0.8004246284501062,
    0.8004246284501062
  ],
  "recall": [
    0.573820395738204,
    0.573820395738204,
    0.573820395738204,
    0.573820395738204,
    0.573820395738204,
    0.573820395738204,
    0.573820395738204,
    0.573820395738204,
    0.573820395738204,
    0.573820395738204,
    0.573820395738204,
    0.573820395738204,
    0.573820395738204,
    0.573820395738204,
    0.573820395738204,
    0.573820395738204,
    0.573820395738204,
    0.573820395738204,
    0.573820395738204,
    0.573820395738204,
    0.573820395738204
  ],
  "f1": [
    0.6684397163120568,
    0.6684397163120568,
    0.6684397163120568,
    0.6684397163120568,
    0.6684397163120568,
    0.6684397163120568,
    0.6684397163120568,
    0.6684397163120568,
    0.6684397163120568,
    0.6684397163120568,
    0.6684397163120568,
    0.6684397163120568,
    0.6684397163120568,
    0.6684397163120568,
    0.6684397163120568,
    0.6684397163120568,
    0.6684397163120568,
    0.6684397163120568,
    0.6684397163120568,
    0.6684397163120568,
    0.6684397163120568
  ],
  "accuracy": [
    0.6156217882836588,
    0.6156217882836588,
    0.6156217882836588,
    0.6156217882836588,
    0.6156217882836588,
    0.6156217882836588,
    0.6156217882836588,
    0.6156217882836588,
    0.6156217882836588,
    0.6156217882836588,
    0.6156217882836588,
    0.6156217882836588,
    0.6156217882836588,
    0.6156217882836588,
    0.6156217882836588,
    0.6156217882836588,
    0.6156217882836588,
    0.6156217882836588,
    0.6156217882836588,
    0.6156217882836588,
    0.6156217882836588
  ]
}