{
  "thresholds": [
    0.0,
    0.05,
    0.1,
    0.15,
    0.2,
    0.25,
    0.3,
    0.35,
    0.4,
    0.45,
    0.5,
    0.55,
    0.6,
    0.65,
    0.7,
    0.75,
    0.8,
    0.85,
    0.9,
    0.95,
    1.0
  ],
  "precision": [
    0.6752312435765673,
    0.7545126353790613,
    0.7635467980295566,
    0.7690387016229713,
    0.7774952320406866,
    0.782636655948553,
    0.7846952010376135,
    0.7898550724637681,
    0.7933554817275748,
    0.7956989247311828,
    0.7975543478260869,
    0.799039780521262,
    0.800552104899931,
    0.802945301542777,
    0.8038243626062322,
    0.8092485549132948,
    0.8139880952380952,
    0.8144726712856043,
    0.8109908409658618,
    0.7940865892291447,
    0.0
  ],
  "recall": [
    1.0,
    0.954337899543379,
    0.943683409436834,
    0.9375951293759512,
    0.9307458143074582,
    0.926179604261796,
    0.9208523592085236,
    0.9124809741248098,
    0.908675799086758,
    0.9010654490106544,
    0.893455098934551,
    0.8866057838660578,
    0.882800608828006,
    0.8713850837138508,
    0.8637747336377474,
    0.852359208523592,
    0.832572298325723,
    0.8051750380517504,
    0.741248097412481,
    0.5722983257229832,
    0.0
  ],
  "f1": [
    0.8061349693251534,
    0.842741935483871,
    0.8441116405718175,
    0.8449931412894376,
    0.8472462764114999,
    0.8483792262112234,
    0.8473389355742297,
    0.8467514124293786,
    0.8471089038666194,
    0.8451106352605282,
    0.8427853553481695,
    0.8405483405483406,
    0.8396670285921101,
    0.8357664233576643,
    0.8327219369038885,
    0.8302446256486287,
    0.8231753197893152,
    0.8097971680061232,
    0.7745526838966202,
    0.6651923927465723,
    0.0
  ],
  "accuracy": [
    0.6752312435765673,
    0.7595066803699897,
    0.7646454265159301,
    0.7677286742034943,
    0.7733812949640287,
    0.776464542651593,
    0.775950668036999,
    0.7769784172661871,
    0.7785200411099692,
    0.7769784172661871,
    0.774922918807811,
    0.7728674203494348,
    0.7723535457348407,
    0.7687564234326825,
    0.7656731757451182,
    0.7646454265159301,
    0.7584789311408017,
    0.7446043165467626,
    0.7086330935251799,
    0.6109969167523125,
    0.32476875642343267
  ]
}