{
  "thresholds": [
    0.0,
    0.05,
    0.1,
    0.15,
    0.2,
    0.25,
    0.3,
    0.35,
    0.4,
    0.45,
    0.5,
    0.55,
    0.6,
    0.65,
    0.7,
    0.75,
    0.8,
    0.85,
    0.9,
    0.95,
    1.0
  ],
  "precision": [
    0.7587939698492462,
    0.7587939698492462,
    0.7587939698492462,
    0.7587939698492462,
    0.7587939698492462,
    0.7587939698492462,
    0.7587939698492462,
    0.7587939698492462,
    0.7587939698492462,
    0.7587939698492462,
    0.7587939698492462,
    0.7587939698492462,
    0.7587939698492462,
    0.7587939698492462,
    0.7587939698492462,
    0.7587939698492462,
    0.7587939698492462,
    0.7587939698492462,
    0.7587939698492462,
    0.7587939698492462,
    0.7587939698492462
  ],
  "recall": [
    0.5745814307458144,
    0.5745814307458144,
    0.5745814307458144,
    0.5745814307458144,
    0.5745814307458144,
    0.5745814307458144,
    0.5745814307458144,
    0.5745814307458144,
    0.5745814307458144,
    0.5745814307458144,
    0.5745814307458144,
    0.5745814307458144,
    0.5745814307458144,
    0.5745814307458144,
    0.5745814307458144,
    0.5745814307458144,
    0.5745814307458144,
    0.5745814307458144,
    0.5745814307458144,
    0.5745814307458144,
    0.5745814307458144
  ],
  "f1": [
    0.6539627544391512,
    0.6539627544391512,
    0.6539627544391512,
    0.6539627544391512,
    0.6539627544391512,
    0.6539627544391512,
    0.6539627544391512,
    0.6539627544391512,
    0.6539627544391512,
    0.6539627544391512,
    0.6539627544391512,
    0.6539627544391512,
    0.6539627544391512,
    0.6539627544391512,
    0.6539627544391512,
    0.6539627544391512,
    0.6539627544391512,
    0.6539627544391512,
    0.6539627544391512,
    0.6539627544391512,
    0.6539627544391512
  ],
  "accuracy": [
    0.5894141829393628,
    0.5894141829393628,
    0.5894141829393628,
    0.5894141829393628,
    0.5894141829393628,
    0.5894141829393628,
    0.5894141829393628,
    0.5894141829393628,
    0.5894141829393628,
    0.5894141829393628,
    0.5894141829393628,
    0.5894141829393628,
    0.5894141829393628,
    0.5894141829393628,
    0.5894141829393628,
    0.5894141829393628,
    0.5894141829393628,
    0.5894141829393628,
    0.5894141829393628,
    0.5894141829393628,
    0.5894141829393628
  ]
}